"","unique_tillers","Plot.ID","Survey.Date","Anth.Prev","Rhiz.Prev","Rust.prev"
"1","10_100_1",100,2024-05-02,1,0,0
"2","10_100_1",100,2024-05-23,1,0,0
"3","10_100_1",100,2024-06-10,1,0,0
"4","10_100_1",100,2024-06-20,1,0,0
"5","10_100_1",100,2024-06-24,0,0,0
"6","10_100_2",100,2024-05-02,1,0,0
"7","10_100_2",100,2024-05-23,0,0,0
"8","10_100_2",100,2024-06-10,1,0,0
"9","10_100_2",100,2024-06-20,1,0,0
"10","10_100_2",100,2024-06-24,0,0,0
"11","10_100_3",100,2024-05-02,1,0,0
"12","10_100_3",100,2024-05-23,1,0,0
"13","10_100_3",100,2024-06-10,1,0,0
"14","10_100_3",100,2024-06-20,1,0,0
"15","10_100_3",100,2024-06-24,0,0,0
"16","10_100_4",100,2024-05-02,0,0,0
"17","10_100_4",100,2024-05-23,1,0,0
"18","10_100_4",100,2024-06-10,1,0,0
"19","10_100_4",100,2024-06-20,1,0,0
"20","10_100_4",100,2024-06-24,1,0,0
"21","10_100_5",100,2024-05-02,1,0,0
"22","10_100_5",100,2024-05-23,1,0,0
"23","10_100_5",100,2024-06-10,1,1,0
"24","10_100_5",100,2024-06-20,1,0,0
"25","10_100_5",100,2024-06-24,0,0,0
"26","10_100_6",100,2024-05-02,1,0,0
"27","10_100_6",100,2024-05-23,1,0,0
"28","10_100_6",100,2024-06-10,1,1,0
"29","10_100_6",100,2024-06-20,1,0,0
"30","10_100_6",100,2024-06-24,1,0,0
"31","10_100_7",100,2024-05-02,1,0,0
"32","10_100_7",100,2024-05-23,1,0,0
"33","10_100_7",100,2024-06-10,1,0,0
"34","10_100_7",100,2024-06-20,1,0,0
"35","10_100_7",100,2024-06-24,1,0,0
"36","10_100_8",100,2024-05-02,1,0,0
"37","10_100_8",100,2024-05-23,1,0,0
"38","10_100_8",100,2024-06-10,1,0,0
"39","10_100_8",100,2024-06-20,1,0,0
"40","10_100_8",100,2024-06-24,1,0,0
"41","10_100_9",100,2024-05-02,1,0,0
"42","10_100_9",100,2024-05-23,1,0,0
"43","10_100_9",100,2024-06-10,1,0,0
"44","10_100_9",100,2024-06-20,1,0,0
"45","10_100_9",100,2024-06-24,0,0,0
"46","14_100_9",100,2024-06-20,1,0,0
"47","14_152_1",152,2024-05-02,1,0,0
"48","14_152_1",152,2024-05-23,1,0,0
"49","14_152_1",152,2024-06-10,1,0,0
"50","14_152_1",152,2024-06-20,1,0,0
"51","14_152_1",152,2024-06-24,1,0,0
"52","14_152_2",152,2024-05-02,1,0,0
"53","14_152_2",152,2024-05-23,1,0,0
"54","14_152_2",152,2024-06-10,1,0,0
"55","14_152_2",152,2024-06-20,1,0,0
"56","14_152_2",152,2024-06-24,1,0,0
"57","14_152_3",152,2024-05-02,0,0,0
"58","14_152_3",152,2024-05-23,1,0,0
"59","14_152_3",152,2024-06-10,1,0,0
"60","14_152_3",152,2024-06-20,1,0,0
"61","14_152_3",152,2024-06-24,1,0,0
"62","14_152_4",152,2024-05-02,1,0,0
"63","14_152_4",152,2024-05-23,1,0,0
"64","14_152_4",152,2024-06-10,1,0,0
"65","14_152_4",152,2024-06-20,1,0,0
"66","14_152_4",152,2024-06-24,1,0,0
"67","14_152_5",152,2024-05-02,1,0,0
"68","14_152_5",152,2024-05-23,1,0,0
"69","14_152_5",152,2024-06-10,1,0,0
"70","14_152_5",152,2024-06-20,1,0,0
"71","14_152_5",152,2024-06-24,1,0,0
"72","14_152_6",152,2024-05-02,0,0,0
"73","14_152_6",152,2024-05-23,1,0,0
"74","14_152_6",152,2024-06-10,1,0,0
"75","14_152_6",152,2024-06-20,1,0,0
"76","14_152_6",152,2024-06-24,1,0,0
"77","14_152_7",152,2024-05-02,1,0,0
"78","14_152_7",152,2024-05-23,1,0,0
"79","14_152_7",152,2024-06-10,1,0,0
"80","14_152_7",152,2024-06-20,1,0,0
"81","14_152_7",152,2024-06-24,1,0,0
"82","14_152_8",152,2024-05-02,1,0,0
"83","14_152_8",152,2024-05-23,0,0,0
"84","14_152_8",152,2024-06-10,1,0,0
"85","14_152_8",152,2024-06-20,1,0,0
"86","14_152_8",152,2024-06-24,1,0,0
"87","14_152_9",152,2024-05-02,1,0,0
"88","14_152_9",152,2024-05-23,1,0,0
"89","14_152_9",152,2024-06-10,1,0,0
"90","14_152_9",152,2024-06-20,1,0,0
"91","14_152_9",152,2024-06-24,1,0,0
"92","14_185_1",185,2024-05-02,0,0,0
"93","14_185_1",185,2024-05-23,1,0,0
"94","14_185_1",185,2024-06-10,1,0,0
"95","14_185_1",185,2024-06-20,1,0,0
"96","14_185_1",185,2024-06-24,1,0,0
"97","14_185_2",185,2024-05-02,1,0,0
"98","14_185_2",185,2024-05-23,1,0,0
"99","14_185_2",185,2024-06-10,1,0,0
"100","14_185_2",185,2024-06-20,1,0,0
"101","14_185_2",185,2024-06-24,1,0,0
"102","14_185_3",185,2024-05-02,1,0,0
"103","14_185_3",185,2024-05-23,1,0,0
"104","14_185_3",185,2024-06-10,1,0,0
"105","14_185_3",185,2024-06-20,1,0,0
"106","14_185_3",185,2024-06-24,1,0,0
"107","14_185_4",185,2024-05-02,1,0,0
"108","14_185_4",185,2024-05-23,1,0,0
"109","14_185_4",185,2024-06-10,1,0,0
"110","14_185_4",185,2024-06-20,1,0,0
"111","14_185_4",185,2024-06-24,1,0,0
"112","14_185_5",185,2024-05-02,1,0,0
"113","14_185_5",185,2024-05-23,1,0,0
"114","14_185_5",185,2024-06-10,1,0,0
"115","14_185_5",185,2024-06-20,1,0,0
"116","14_185_5",185,2024-06-24,1,0,0
"117","14_185_6",185,2024-05-02,1,0,0
"118","14_185_6",185,2024-05-23,1,0,0
"119","14_185_6",185,2024-06-10,1,0,0
"120","14_185_6",185,2024-06-20,1,0,0
"121","14_185_6",185,2024-06-24,0,0,0
"122","14_185_7",185,2024-05-02,0,0,0
"123","14_185_7",185,2024-05-23,1,0,0
"124","14_185_7",185,2024-06-10,0,0,0
"125","14_185_7",185,2024-06-20,1,0,0
"126","14_185_7",185,2024-06-24,1,0,0
"127","14_185_8",185,2024-05-02,1,0,0
"128","14_185_8",185,2024-05-23,1,1,0
"129","14_185_8",185,2024-06-10,1,0,0
"130","14_185_8",185,2024-06-20,1,0,0
"131","14_185_8",185,2024-06-24,1,0,0
"132","14_185_9",185,2024-05-02,0,0,0
"133","14_185_9",185,2024-05-23,0,0,0
"134","14_185_9",185,2024-06-10,1,0,0
"135","14_185_9",185,2024-06-20,1,0,0
"136","14_185_9",185,2024-06-24,1,0,0
"137","15_194_1",194,2024-05-02,1,0,0
"138","15_194_1",194,2024-05-23,1,0,0
"139","15_194_1",194,2024-06-10,1,0,0
"140","15_194_1",194,2024-06-20,1,0,0
"141","15_194_1",194,2024-06-24,1,0,0
"142","15_194_2",194,2024-05-02,0,0,0
"143","15_194_2",194,2024-05-23,0,0,0
"144","15_194_2",194,2024-06-10,1,0,0
"145","15_194_2",194,2024-06-20,1,0,0
"146","15_194_2",194,2024-06-24,1,0,0
"147","15_194_3",194,2024-05-02,1,0,0
"148","15_194_3",194,2024-05-23,1,0,0
"149","15_194_3",194,2024-06-10,1,0,0
"150","15_194_3",194,2024-06-20,1,0,0
"151","15_194_3",194,2024-06-24,1,0,0
"152","15_194_4",194,2024-05-02,1,0,0
"153","15_194_4",194,2024-05-23,1,0,0
"154","15_194_4",194,2024-06-10,1,0,0
"155","15_194_4",194,2024-06-20,1,0,0
"156","15_194_4",194,2024-06-24,1,0,0
"157","15_194_5",194,2024-05-02,1,0,0
"158","15_194_5",194,2024-05-23,1,0,0
"159","15_194_5",194,2024-06-10,1,0,0
"160","15_194_5",194,2024-06-20,1,0,0
"161","15_194_5",194,2024-06-24,1,0,0
"162","15_194_6",194,2024-05-02,1,0,0
"163","15_194_6",194,2024-05-23,1,0,0
"164","15_194_6",194,2024-06-10,1,0,0
"165","15_194_6",194,2024-06-20,1,0,0
"166","15_194_6",194,2024-06-24,1,0,0
"167","15_194_7",194,2024-05-02,1,0,0
"168","15_194_7",194,2024-05-23,1,0,0
"169","15_194_7",194,2024-06-10,1,0,0
"170","15_194_7",194,2024-06-20,1,0,0
"171","15_194_7",194,2024-06-24,1,0,0
"172","15_194_8",194,2024-05-02,1,0,0
"173","15_194_8",194,2024-05-23,1,0,0
"174","15_194_8",194,2024-06-10,1,0,0
"175","15_194_8",194,2024-06-20,1,0,0
"176","15_194_8",194,2024-06-24,1,0,0
"177","15_194_9",194,2024-05-02,1,0,0
"178","15_194_9",194,2024-05-23,1,0,0
"179","15_194_9",194,2024-06-10,1,0,0
"180","15_194_9",194,2024-06-20,1,0,0
"181","15_194_9",194,2024-06-24,1,0,0
"182","1_17_1",17,2024-06-06,1,0,0
"183","1_17_1",17,2024-07-01,1,0,0
"184","1_17_1",17,2024-07-15,1,0,0
"185","1_17_1",17,2024-07-18,1,0,0
"186","1_17_1",17,2024-07-25,1,0,0
"187","1_17_1",17,2024-07-29,1,0,0
"188","1_17_2",17,2024-06-06,1,0,0
"189","1_17_2",17,2024-07-01,1,0,0
"190","1_17_2",17,2024-07-15,1,0,0
"191","1_17_2",17,2024-07-18,1,0,0
"192","1_17_2",17,2024-07-25,1,0,0
"193","1_17_2",17,2024-07-29,1,0,0
"194","1_17_3",17,2024-06-06,1,0,0
"195","1_17_3",17,2024-07-01,1,0,0
"196","1_17_3",17,2024-07-15,1,0,0
"197","1_17_3",17,2024-07-18,1,0,0
"198","1_17_3",17,2024-07-25,1,0,0
"199","1_17_3",17,2024-07-29,1,0,0
"200","1_17_4",17,2024-06-06,1,0,0
"201","1_17_4",17,2024-07-01,1,0,0
"202","1_17_4",17,2024-07-15,1,0,0
"203","1_17_4",17,2024-07-18,0,0,0
"204","1_17_4",17,2024-07-25,1,0,0
"205","1_17_4",17,2024-07-29,1,0,0
"206","1_17_5",17,2024-06-06,1,0,0
"207","1_17_5",17,2024-07-01,1,0,0
"208","1_17_5",17,2024-07-15,1,0,0
"209","1_17_5",17,2024-07-18,1,0,0
"210","1_17_5",17,2024-07-25,1,0,0
"211","1_17_5",17,2024-07-29,1,0,0
"212","1_17_6",17,2024-06-06,1,0,0
"213","1_17_6",17,2024-07-01,1,0,0
"214","1_17_6",17,2024-07-15,0,0,0
"215","1_17_6",17,2024-07-18,1,0,0
"216","1_17_6",17,2024-07-25,1,0,0
"217","1_17_6",17,2024-07-29,1,0,0
"218","1_17_7",17,2024-06-06,1,0,0
"219","1_17_7",17,2024-07-01,1,0,0
"220","1_17_7",17,2024-07-15,0,0,0
"221","1_17_7",17,2024-07-18,1,0,0
"222","1_17_7",17,2024-07-25,1,0,0
"223","1_17_7",17,2024-07-29,1,1,0
"224","1_17_8",17,2024-06-06,1,0,0
"225","1_17_8",17,2024-07-01,1,0,0
"226","1_17_8",17,2024-07-15,1,0,0
"227","1_17_8",17,2024-07-18,1,0,0
"228","1_17_8",17,2024-07-25,1,0,0
"229","1_17_8",17,2024-07-29,1,0,0
"230","1_17_9",17,2024-06-06,1,0,0
"231","1_17_9",17,2024-07-01,1,0,0
"232","1_17_9",17,2024-07-15,0,0,0
"233","1_17_9",17,2024-07-18,1,1,0
"234","1_17_9",17,2024-07-25,1,0,0
"235","1_17_9",17,2024-07-29,1,0,0
"236","1_18_1",18,2024-07-10,0,0,0
"237","1_18_1",18,2024-08-01,1,0,0
"238","1_18_1",18,2024-08-05,1,0,0
"239","1_18_1",18,2024-08-15,0,0,0
"240","1_18_1",18,2024-08-19,1,1,0
"241","1_18_1",18,2024-08-22,1,1,0
"242","1_18_2",18,2024-07-10,1,0,0
"243","1_18_2",18,2024-08-01,1,1,0
"244","1_18_2",18,2024-08-05,1,0,0
"245","1_18_2",18,2024-08-15,1,0,0
"246","1_18_2",18,2024-08-19,1,1,0
"247","1_18_2",18,2024-08-22,1,0,0
"248","1_18_3",18,2024-07-10,1,0,0
"249","1_18_3",18,2024-08-01,1,0,0
"250","1_18_3",18,2024-08-05,1,1,0
"251","1_18_3",18,2024-08-15,1,0,0
"252","1_18_3",18,2024-08-19,1,0,0
"253","1_18_3",18,2024-08-22,0,0,0
"254","1_18_4",18,2024-07-10,1,0,0
"255","1_18_4",18,2024-08-01,1,0,0
"256","1_18_4",18,2024-08-05,1,0,0
"257","1_18_4",18,2024-08-15,1,0,0
"258","1_18_4",18,2024-08-19,1,0,0
"259","1_18_4",18,2024-08-22,0,1,0
"260","1_18_5",18,2024-07-10,1,0,0
"261","1_18_5",18,2024-08-01,1,0,0
"262","1_18_5",18,2024-08-05,1,0,0
"263","1_18_5",18,2024-08-15,1,0,0
"264","1_18_5",18,2024-08-19,1,0,0
"265","1_18_5",18,2024-08-22,1,1,0
"266","1_18_6",18,2024-07-10,1,0,0
"267","1_18_6",18,2024-08-01,1,0,0
"268","1_18_6",18,2024-08-05,1,0,0
"269","1_18_6",18,2024-08-15,1,0,0
"270","1_18_6",18,2024-08-19,1,0,0
"271","1_18_6",18,2024-08-22,0,1,0
"272","1_18_7",18,2024-07-10,0,0,0
"273","1_18_7",18,2024-08-01,1,1,0
"274","1_18_7",18,2024-08-05,1,0,0
"275","1_18_7",18,2024-08-15,0,1,0
"276","1_18_7",18,2024-08-19,1,0,0
"277","1_18_7",18,2024-08-22,1,1,0
"278","1_18_8",18,2024-07-10,0,1,0
"279","1_18_8",18,2024-08-01,1,0,0
"280","1_18_8",18,2024-08-05,1,0,0
"281","1_18_8",18,2024-08-15,1,1,0
"282","1_18_8",18,2024-08-19,0,0,0
"283","1_18_8",18,2024-08-22,1,1,0
"284","1_18_9",18,2024-07-10,1,0,0
"285","1_18_9",18,2024-08-01,0,0,0
"286","1_18_9",18,2024-08-05,1,1,0
"287","1_18_9",18,2024-08-15,1,0,0
"288","1_18_9",18,2024-08-19,1,1,0
"289","1_18_9",18,2024-08-22,0,0,0
"290","1_31_1",31,2024-04-15,1,0,0
"291","1_31_1",31,2024-04-18,1,0,0
"292","1_31_1",31,2024-04-22,1,0,0
"293","1_31_1",31,2024-04-25,1,0,0
"294","1_31_1",31,2024-05-21,1,0,0
"295","1_31_2",31,2024-04-15,1,0,0
"296","1_31_2",31,2024-04-18,1,0,0
"297","1_31_2",31,2024-04-22,0,0,0
"298","1_31_2",31,2024-04-25,0,0,0
"299","1_31_2",31,2024-05-21,1,0,0
"300","1_31_3",31,2024-04-15,1,0,0
"301","1_31_3",31,2024-04-18,1,0,0
"302","1_31_3",31,2024-04-22,0,0,0
"303","1_31_3",31,2024-04-25,1,0,0
"304","1_31_3",31,2024-05-21,1,0,0
"305","1_31_4",31,2024-04-15,1,0,0
"306","1_31_4",31,2024-04-18,1,0,0
"307","1_31_4",31,2024-04-22,1,0,0
"308","1_31_4",31,2024-04-25,0,0,0
"309","1_31_4",31,2024-05-21,1,0,0
"310","1_31_5",31,2024-04-15,1,0,0
"311","1_31_5",31,2024-04-18,0,0,0
"312","1_31_5",31,2024-04-22,1,0,0
"313","1_31_5",31,2024-04-25,1,0,0
"314","1_31_5",31,2024-05-21,1,0,0
"315","1_31_6",31,2024-04-15,1,0,0
"316","1_31_6",31,2024-04-18,1,0,0
"317","1_31_6",31,2024-04-22,1,0,0
"318","1_31_6",31,2024-04-25,0,0,0
"319","1_31_6",31,2024-05-21,1,0,0
"320","1_31_7",31,2024-04-15,1,0,0
"321","1_31_7",31,2024-04-18,1,0,0
"322","1_31_7",31,2024-04-22,1,0,0
"323","1_31_7",31,2024-04-25,1,0,0
"324","1_31_7",31,2024-05-21,1,0,0
"325","1_31_8",31,2024-04-15,0,0,0
"326","1_31_8",31,2024-04-18,1,0,0
"327","1_31_8",31,2024-04-22,1,0,0
"328","1_31_8",31,2024-04-25,1,0,0
"329","1_31_8",31,2024-05-21,1,0,0
"330","1_31_9",31,2024-04-15,0,0,0
"331","1_31_9",31,2024-04-18,1,0,0
"332","1_31_9",31,2024-04-22,0,0,0
"333","1_31_9",31,2024-04-25,1,0,0
"334","1_31_9",31,2024-05-21,1,0,0
"335","1_55_1",55,2024-08-16,0,0,0
"336","1_55_1",55,2024-09-05,1,1,0
"337","1_55_1",55,2024-09-09,0,0,0
"338","1_55_1",55,2024-09-12,0,1,0
"339","1_55_1",55,2024-09-16,1,0,0
"340","1_55_1",55,2024-09-25,0,1,0
"341","1_55_1",55,2024-09-30,0,1,0
"342","1_55_1",55,2024-10-03,1,1,0
"343","1_55_2",55,2024-08-16,1,0,0
"344","1_55_2",55,2024-09-05,1,1,0
"345","1_55_2",55,2024-09-09,0,0,0
"346","1_55_2",55,2024-09-12,1,1,0
"347","1_55_2",55,2024-09-16,1,0,0
"348","1_55_2",55,2024-09-25,1,0,1
"349","1_55_2",55,2024-09-30,1,1,0
"350","1_55_2",55,2024-10-03,1,0,0
"351","1_55_3",55,2024-08-16,1,1,0
"352","1_55_3",55,2024-09-05,1,1,0
"353","1_55_3",55,2024-09-09,0,1,0
"354","1_55_3",55,2024-09-12,1,1,0
"355","1_55_3",55,2024-09-16,1,1,0
"356","1_55_3",55,2024-09-25,1,0,1
"357","1_55_3",55,2024-09-30,1,1,1
"358","1_55_3",55,2024-10-03,1,0,0
"359","1_55_4",55,2024-08-16,0,1,0
"360","1_55_4",55,2024-09-05,1,0,0
"361","1_55_4",55,2024-09-09,0,1,0
"362","1_55_4",55,2024-09-12,1,0,0
"363","1_55_4",55,2024-09-16,1,0,0
"364","1_55_4",55,2024-09-25,1,0,0
"365","1_55_4",55,2024-09-30,1,1,0
"366","1_55_4",55,2024-10-03,1,1,0
"367","1_55_5",55,2024-08-16,0,0,0
"368","1_55_5",55,2024-09-05,1,1,0
"369","1_55_5",55,2024-09-09,1,0,0
"370","1_55_5",55,2024-09-12,1,0,0
"371","1_55_5",55,2024-09-16,1,0,0
"372","1_55_5",55,2024-09-25,0,1,0
"373","1_55_5",55,2024-09-30,1,1,0
"374","1_55_5",55,2024-10-03,0,1,0
"375","1_55_6",55,2024-08-16,1,1,0
"376","1_55_6",55,2024-09-05,1,0,0
"377","1_55_6",55,2024-09-09,0,1,0
"378","1_55_6",55,2024-09-12,1,1,0
"379","1_55_6",55,2024-09-16,1,0,0
"380","1_55_6",55,2024-09-25,0,1,0
"381","1_55_6",55,2024-09-30,1,1,1
"382","1_55_6",55,2024-10-03,1,0,0
"383","1_55_7",55,2024-08-16,1,0,0
"384","1_55_7",55,2024-09-05,1,1,0
"385","1_55_7",55,2024-09-09,0,1,0
"386","1_55_7",55,2024-09-12,0,1,0
"387","1_55_7",55,2024-09-16,1,0,0
"388","1_55_7",55,2024-09-25,1,0,0
"389","1_55_7",55,2024-09-30,1,1,0
"390","1_55_7",55,2024-10-03,1,0,0
"391","1_55_8",55,2024-08-16,1,0,0
"392","1_55_8",55,2024-09-05,1,0,0
"393","1_55_8",55,2024-09-09,0,0,0
"394","1_55_8",55,2024-09-12,1,0,0
"395","1_55_8",55,2024-09-16,0,1,0
"396","1_55_8",55,2024-09-25,1,0,0
"397","1_55_8",55,2024-09-30,1,0,0
"398","1_55_8",55,2024-10-03,1,1,0
"399","1_55_9",55,2024-08-16,0,1,0
"400","1_55_9",55,2024-09-05,1,1,0
"401","1_55_9",55,2024-09-09,0,1,0
"402","1_55_9",55,2024-09-12,1,1,0
"403","1_55_9",55,2024-09-16,1,1,0
"404","1_55_9",55,2024-09-25,1,1,0
"405","1_55_9",55,2024-09-30,1,0,1
"406","1_55_9",55,2024-10-03,1,0,0
"407","2_33_1",33,2024-08-16,1,0,0
"408","2_33_1",33,2024-09-05,1,0,0
"409","2_33_1",33,2024-09-09,1,1,0
"410","2_33_1",33,2024-09-12,0,0,0
"411","2_33_1",33,2024-09-16,1,0,0
"412","2_33_1",33,2024-09-25,0,1,0
"413","2_33_1",33,2024-09-30,1,0,1
"414","2_33_1",33,2024-10-03,1,0,0
"415","2_33_2",33,2024-08-16,1,0,0
"416","2_33_2",33,2024-09-05,1,1,0
"417","2_33_2",33,2024-09-09,0,0,0
"418","2_33_2",33,2024-09-12,1,1,0
"419","2_33_2",33,2024-09-16,1,0,0
"420","2_33_2",33,2024-09-25,1,0,0
"421","2_33_2",33,2024-09-30,0,1,0
"422","2_33_2",33,2024-10-03,1,1,0
"423","2_33_3",33,2024-08-16,1,0,0
"424","2_33_3",33,2024-09-05,1,0,0
"425","2_33_3",33,2024-09-09,1,0,0
"426","2_33_3",33,2024-09-12,1,0,0
"427","2_33_3",33,2024-09-16,1,0,0
"428","2_33_3",33,2024-09-25,0,1,0
"429","2_33_3",33,2024-09-30,1,0,0
"430","2_33_3",33,2024-10-03,1,0,0
"431","2_33_4",33,2024-08-16,1,0,0
"432","2_33_4",33,2024-09-05,0,0,0
"433","2_33_4",33,2024-09-09,1,0,0
"434","2_33_4",33,2024-09-12,1,1,0
"435","2_33_4",33,2024-09-16,1,1,0
"436","2_33_4",33,2024-09-25,1,1,0
"437","2_33_4",33,2024-09-30,1,0,0
"438","2_33_4",33,2024-10-03,1,0,0
"439","2_33_5",33,2024-08-16,1,0,0
"440","2_33_5",33,2024-09-05,0,0,0
"441","2_33_5",33,2024-09-09,0,0,0
"442","2_33_5",33,2024-09-12,1,0,0
"443","2_33_5",33,2024-09-16,1,0,0
"444","2_33_5",33,2024-09-25,0,0,0
"445","2_33_5",33,2024-09-30,1,0,0
"446","2_33_5",33,2024-10-03,0,0,0
"447","2_33_6",33,2024-08-16,1,0,0
"448","2_33_6",33,2024-09-05,1,0,0
"449","2_33_6",33,2024-09-09,1,0,0
"450","2_33_6",33,2024-09-12,1,0,0
"451","2_33_6",33,2024-09-16,1,0,0
"452","2_33_6",33,2024-09-25,1,0,0
"453","2_33_6",33,2024-09-30,1,0,0
"454","2_33_6",33,2024-10-03,1,1,0
"455","2_33_7",33,2024-08-16,1,1,0
"456","2_33_7",33,2024-09-05,1,1,0
"457","2_33_7",33,2024-09-09,1,0,0
"458","2_33_7",33,2024-09-12,0,1,0
"459","2_33_7",33,2024-09-16,1,0,0
"460","2_33_7",33,2024-09-25,0,1,0
"461","2_33_7",33,2024-09-30,1,0,0
"462","2_33_7",33,2024-10-03,1,0,0
"463","2_33_8",33,2024-08-16,0,0,0
"464","2_33_8",33,2024-09-05,0,0,0
"465","2_33_8",33,2024-09-09,0,1,0
"466","2_33_8",33,2024-09-12,0,0,0
"467","2_33_8",33,2024-09-16,1,0,0
"468","2_33_8",33,2024-09-25,1,0,0
"469","2_33_8",33,2024-09-30,1,0,0
"470","2_33_8",33,2024-10-03,1,1,0
"471","2_33_9",33,2024-08-16,1,0,0
"472","2_33_9",33,2024-09-05,1,1,0
"473","2_33_9",33,2024-09-09,1,1,0
"474","2_33_9",33,2024-09-12,1,0,0
"475","2_33_9",33,2024-09-16,1,0,0
"476","2_33_9",33,2024-09-25,1,0,0
"477","2_33_9",33,2024-09-30,1,0,1
"478","2_33_9",33,2024-10-03,1,0,0
"479","2_34_1",34,2024-04-15,1,0,0
"480","2_34_1",34,2024-04-18,1,0,0
"481","2_34_1",34,2024-04-22,1,0,0
"482","2_34_1",34,2024-04-25,1,0,0
"483","2_34_1",34,2024-05-21,1,0,0
"484","2_34_2",34,2024-04-15,0,0,0
"485","2_34_2",34,2024-04-18,1,0,0
"486","2_34_2",34,2024-04-22,1,0,0
"487","2_34_2",34,2024-04-25,1,0,0
"488","2_34_2",34,2024-05-21,0,0,0
"489","2_34_3",34,2024-04-15,1,0,0
"490","2_34_3",34,2024-04-18,0,0,0
"491","2_34_3",34,2024-04-22,1,0,0
"492","2_34_3",34,2024-04-25,1,0,0
"493","2_34_3",34,2024-05-21,0,0,0
"494","2_34_4",34,2024-04-15,1,0,0
"495","2_34_4",34,2024-04-18,1,0,0
"496","2_34_4",34,2024-04-22,0,0,0
"497","2_34_4",34,2024-04-25,1,0,0
"498","2_34_4",34,2024-05-21,1,0,0
"499","2_34_5",34,2024-04-15,1,0,0
"500","2_34_5",34,2024-04-18,1,0,0
"501","2_34_5",34,2024-04-22,0,0,0
"502","2_34_5",34,2024-04-25,1,0,0
"503","2_34_5",34,2024-05-21,1,0,0
"504","2_34_6",34,2024-04-15,0,0,0
"505","2_34_6",34,2024-04-18,1,0,0
"506","2_34_6",34,2024-04-22,1,0,0
"507","2_34_6",34,2024-04-25,1,0,0
"508","2_34_6",34,2024-05-21,1,0,0
"509","2_34_7",34,2024-04-15,0,0,0
"510","2_34_7",34,2024-04-18,1,0,0
"511","2_34_7",34,2024-04-22,1,0,0
"512","2_34_7",34,2024-04-25,1,0,0
"513","2_34_7",34,2024-05-21,1,0,0
"514","2_34_8",34,2024-04-15,0,0,0
"515","2_34_8",34,2024-04-18,1,0,0
"516","2_34_8",34,2024-04-22,1,0,0
"517","2_34_8",34,2024-04-25,0,0,0
"518","2_34_8",34,2024-05-21,1,0,0
"519","2_34_9",34,2024-04-15,1,0,0
"520","2_34_9",34,2024-04-18,1,0,0
"521","2_34_9",34,2024-04-22,1,0,0
"522","2_34_9",34,2024-04-25,1,0,0
"523","2_34_9",34,2024-05-21,1,0,0
"524","2_48_1",48,2024-06-06,1,0,0
"525","2_48_1",48,2024-07-01,1,0,0
"526","2_48_1",48,2024-07-15,0,0,0
"527","2_48_1",48,2024-07-18,1,0,0
"528","2_48_1",48,2024-07-25,1,0,0
"529","2_48_1",48,2024-07-29,1,0,0
"530","2_48_2",48,2024-06-06,1,0,0
"531","2_48_2",48,2024-07-01,1,0,0
"532","2_48_2",48,2024-07-15,1,0,0
"533","2_48_2",48,2024-07-18,1,0,0
"534","2_48_2",48,2024-07-25,1,0,0
"535","2_48_2",48,2024-07-29,1,0,0
"536","2_48_3",48,2024-06-06,1,0,0
"537","2_48_3",48,2024-07-01,1,0,0
"538","2_48_3",48,2024-07-15,1,0,0
"539","2_48_3",48,2024-07-18,1,0,0
"540","2_48_3",48,2024-07-25,1,0,0
"541","2_48_3",48,2024-07-29,1,1,0
"542","2_48_4",48,2024-06-06,1,0,0
"543","2_48_4",48,2024-07-01,1,0,0
"544","2_48_4",48,2024-07-15,1,0,0
"545","2_48_4",48,2024-07-18,1,0,0
"546","2_48_4",48,2024-07-25,1,0,0
"547","2_48_4",48,2024-07-29,1,0,0
"548","2_48_5",48,2024-06-06,1,0,0
"549","2_48_5",48,2024-07-01,1,0,0
"550","2_48_5",48,2024-07-15,1,0,0
"551","2_48_5",48,2024-07-18,1,0,0
"552","2_48_5",48,2024-07-25,1,0,0
"553","2_48_5",48,2024-07-29,1,1,0
"554","2_48_6",48,2024-06-06,1,0,0
"555","2_48_6",48,2024-07-01,0,1,0
"556","2_48_6",48,2024-07-15,0,1,0
"557","2_48_6",48,2024-07-18,1,0,0
"558","2_48_6",48,2024-07-25,1,0,0
"559","2_48_6",48,2024-07-29,1,0,0
"560","2_48_7",48,2024-06-06,1,0,0
"561","2_48_7",48,2024-07-01,1,0,0
"562","2_48_7",48,2024-07-15,1,0,0
"563","2_48_7",48,2024-07-18,1,0,0
"564","2_48_7",48,2024-07-25,1,0,0
"565","2_48_7",48,2024-07-29,0,0,0
"566","2_48_8",48,2024-06-06,1,0,0
"567","2_48_8",48,2024-07-01,1,0,0
"568","2_48_8",48,2024-07-15,1,1,0
"569","2_48_8",48,2024-07-18,1,0,0
"570","2_48_8",48,2024-07-25,1,0,0
"571","2_48_8",48,2024-07-29,1,0,0
"572","2_48_9",48,2024-06-06,1,0,0
"573","2_48_9",48,2024-07-01,1,0,0
"574","2_48_9",48,2024-07-15,1,0,0
"575","2_48_9",48,2024-07-18,1,0,0
"576","2_48_9",48,2024-07-25,0,0,0
"577","2_48_9",48,2024-07-29,1,0,0
"578","2_4_1",4,2024-05-02,1,0,0
"579","2_4_1",4,2024-05-23,1,0,0
"580","2_4_1",4,2024-06-10,1,0,0
"581","2_4_1",4,2024-06-20,1,0,0
"582","2_4_1",4,2024-06-24,1,0,0
"583","2_4_2",4,2024-05-02,1,0,0
"584","2_4_2",4,2024-05-23,1,0,0
"585","2_4_2",4,2024-06-10,1,0,0
"586","2_4_2",4,2024-06-20,1,0,0
"587","2_4_2",4,2024-06-24,1,0,0
"588","2_4_3",4,2024-05-02,0,0,0
"589","2_4_3",4,2024-05-23,1,0,0
"590","2_4_3",4,2024-06-10,1,0,0
"591","2_4_3",4,2024-06-20,1,0,0
"592","2_4_3",4,2024-06-24,1,0,0
"593","2_4_4",4,2024-05-02,1,0,0
"594","2_4_4",4,2024-05-23,1,0,0
"595","2_4_4",4,2024-06-10,1,0,0
"596","2_4_4",4,2024-06-20,1,1,0
"597","2_4_4",4,2024-06-24,1,0,0
"598","2_4_5",4,2024-05-02,1,0,0
"599","2_4_5",4,2024-05-23,1,0,0
"600","2_4_5",4,2024-06-10,0,0,0
"601","2_4_5",4,2024-06-20,1,0,0
"602","2_4_5",4,2024-06-24,1,0,0
"603","2_4_6",4,2024-05-02,0,0,0
"604","2_4_6",4,2024-05-23,0,0,0
"605","2_4_6",4,2024-06-10,0,0,0
"606","2_4_6",4,2024-06-20,1,0,0
"607","2_4_6",4,2024-06-24,1,0,0
"608","2_4_7",4,2024-05-02,0,0,0
"609","2_4_7",4,2024-05-23,1,0,0
"610","2_4_7",4,2024-06-10,1,0,0
"611","2_4_7",4,2024-06-20,1,0,0
"612","2_4_7",4,2024-06-24,1,0,0
"613","2_4_8",4,2024-05-02,1,0,0
"614","2_4_8",4,2024-05-23,1,0,0
"615","2_4_8",4,2024-06-10,0,0,0
"616","2_4_8",4,2024-06-20,1,0,0
"617","2_4_8",4,2024-06-24,1,0,0
"618","2_4_9",4,2024-05-02,0,0,0
"619","2_4_9",4,2024-05-23,1,0,0
"620","2_4_9",4,2024-06-10,1,0,0
"621","2_4_9",4,2024-06-20,1,0,0
"622","2_4_9",4,2024-06-24,1,0,0
"623","2_6_1",6,2024-07-10,1,0,0
"624","2_6_1",6,2024-08-01,1,0,0
"625","2_6_1",6,2024-08-05,1,0,0
"626","2_6_1",6,2024-08-15,1,0,0
"627","2_6_1",6,2024-08-19,1,0,0
"628","2_6_1",6,2024-08-22,1,0,0
"629","2_6_2",6,2024-07-10,1,0,0
"630","2_6_2",6,2024-08-01,1,0,0
"631","2_6_2",6,2024-08-05,1,0,0
"632","2_6_2",6,2024-08-15,1,0,0
"633","2_6_2",6,2024-08-19,1,0,0
"634","2_6_2",6,2024-08-22,1,0,0
"635","2_6_3",6,2024-07-10,1,0,0
"636","2_6_3",6,2024-08-01,1,0,0
"637","2_6_3",6,2024-08-05,0,0,0
"638","2_6_3",6,2024-08-15,1,0,0
"639","2_6_3",6,2024-08-19,1,0,0
"640","2_6_3",6,2024-08-22,1,0,0
"641","2_6_4",6,2024-07-10,1,0,0
"642","2_6_4",6,2024-08-01,1,0,0
"643","2_6_4",6,2024-08-05,1,0,0
"644","2_6_4",6,2024-08-15,1,0,0
"645","2_6_4",6,2024-08-19,1,1,0
"646","2_6_4",6,2024-08-22,1,0,0
"647","2_6_5",6,2024-07-10,1,1,0
"648","2_6_5",6,2024-08-01,1,0,0
"649","2_6_5",6,2024-08-05,1,1,0
"650","2_6_5",6,2024-08-15,1,1,0
"651","2_6_5",6,2024-08-19,1,1,0
"652","2_6_5",6,2024-08-22,1,1,0
"653","2_6_6",6,2024-07-10,1,0,0
"654","2_6_6",6,2024-08-01,0,0,0
"655","2_6_6",6,2024-08-05,1,0,0
"656","2_6_6",6,2024-08-15,1,0,0
"657","2_6_6",6,2024-08-19,1,0,0
"658","2_6_6",6,2024-08-22,1,0,0
"659","2_6_7",6,2024-07-10,1,0,0
"660","2_6_7",6,2024-08-01,1,0,0
"661","2_6_7",6,2024-08-05,1,0,0
"662","2_6_7",6,2024-08-15,1,0,0
"663","2_6_7",6,2024-08-19,1,0,0
"664","2_6_7",6,2024-08-22,0,0,0
"665","2_6_8",6,2024-07-10,1,0,0
"666","2_6_8",6,2024-08-01,1,1,0
"667","2_6_8",6,2024-08-05,0,0,0
"668","2_6_8",6,2024-08-15,1,0,0
"669","2_6_8",6,2024-08-19,0,0,0
"670","2_6_8",6,2024-08-22,1,0,0
"671","2_6_9",6,2024-07-10,1,0,0
"672","2_6_9",6,2024-08-01,1,0,0
"673","2_6_9",6,2024-08-05,1,0,0
"674","2_6_9",6,2024-08-15,0,0,0
"675","2_6_9",6,2024-08-19,1,0,0
"676","2_6_9",6,2024-08-22,1,0,0
"677","3_13_1",13,2024-06-06,1,0,0
"678","3_13_1",13,2024-07-01,1,0,0
"679","3_13_1",13,2024-07-15,1,0,0
"680","3_13_1",13,2024-07-18,1,0,0
"681","3_13_1",13,2024-07-25,1,0,0
"682","3_13_1",13,2024-07-29,1,0,0
"683","3_13_2",13,2024-06-06,1,0,0
"684","3_13_2",13,2024-07-01,1,0,0
"685","3_13_2",13,2024-07-15,0,0,0
"686","3_13_2",13,2024-07-18,1,0,0
"687","3_13_2",13,2024-07-25,1,0,0
"688","3_13_2",13,2024-07-29,1,0,0
"689","3_13_3",13,2024-06-06,1,0,0
"690","3_13_3",13,2024-07-01,1,0,0
"691","3_13_3",13,2024-07-15,1,0,0
"692","3_13_3",13,2024-07-18,0,0,0
"693","3_13_3",13,2024-07-25,1,0,0
"694","3_13_3",13,2024-07-29,0,1,0
"695","3_13_4",13,2024-06-06,1,0,0
"696","3_13_4",13,2024-07-01,1,0,0
"697","3_13_4",13,2024-07-15,1,0,0
"698","3_13_4",13,2024-07-18,1,0,0
"699","3_13_4",13,2024-07-25,0,0,0
"700","3_13_4",13,2024-07-29,1,0,0
"701","3_13_5",13,2024-06-06,1,0,0
"702","3_13_5",13,2024-07-01,1,0,0
"703","3_13_5",13,2024-07-15,1,0,0
"704","3_13_5",13,2024-07-18,1,0,0
"705","3_13_5",13,2024-07-25,1,0,0
"706","3_13_5",13,2024-07-29,1,0,0
"707","3_13_6",13,2024-06-06,1,0,0
"708","3_13_6",13,2024-07-01,1,0,0
"709","3_13_6",13,2024-07-15,1,0,0
"710","3_13_6",13,2024-07-18,1,0,0
"711","3_13_6",13,2024-07-25,1,0,0
"712","3_13_6",13,2024-07-29,1,0,0
"713","3_13_7",13,2024-06-06,1,0,0
"714","3_13_7",13,2024-07-01,1,0,0
"715","3_13_7",13,2024-07-15,1,0,0
"716","3_13_7",13,2024-07-18,1,0,0
"717","3_13_7",13,2024-07-25,1,0,0
"718","3_13_7",13,2024-07-29,1,0,0
"719","3_13_8",13,2024-06-06,1,0,0
"720","3_13_8",13,2024-07-01,1,0,0
"721","3_13_8",13,2024-07-15,1,0,0
"722","3_13_8",13,2024-07-18,1,0,0
"723","3_13_8",13,2024-07-25,1,0,0
"724","3_13_8",13,2024-07-29,1,0,0
"725","3_13_9",13,2024-06-06,1,0,0
"726","3_13_9",13,2024-07-01,1,0,0
"727","3_13_9",13,2024-07-15,1,0,0
"728","3_13_9",13,2024-07-18,1,0,0
"729","3_13_9",13,2024-07-25,1,1,0
"730","3_13_9",13,2024-07-29,1,0,0
"731","3_23_1",23,2024-04-15,1,0,0
"732","3_23_1",23,2024-04-18,1,0,0
"733","3_23_1",23,2024-04-22,1,0,0
"734","3_23_1",23,2024-04-25,1,0,0
"735","3_23_1",23,2024-05-21,1,0,0
"736","3_23_2",23,2024-04-15,0,0,0
"737","3_23_2",23,2024-04-18,1,0,0
"738","3_23_2",23,2024-04-22,1,0,0
"739","3_23_2",23,2024-04-25,0,0,0
"740","3_23_2",23,2024-05-21,1,0,0
"741","3_23_3",23,2024-04-15,1,0,0
"742","3_23_3",23,2024-04-18,1,0,0
"743","3_23_3",23,2024-04-22,1,0,0
"744","3_23_3",23,2024-04-25,1,0,0
"745","3_23_3",23,2024-05-21,1,0,0
"746","3_23_4",23,2024-04-15,0,0,0
"747","3_23_4",23,2024-04-18,1,0,0
"748","3_23_4",23,2024-04-22,1,0,0
"749","3_23_4",23,2024-04-25,0,0,0
"750","3_23_4",23,2024-05-21,1,0,0
"751","3_23_5",23,2024-04-15,1,0,0
"752","3_23_5",23,2024-04-18,1,0,0
"753","3_23_5",23,2024-04-22,0,0,0
"754","3_23_5",23,2024-04-25,1,0,0
"755","3_23_5",23,2024-05-21,1,0,0
"756","3_23_6",23,2024-04-15,1,0,0
"757","3_23_6",23,2024-04-18,0,0,0
"758","3_23_6",23,2024-04-22,1,0,0
"759","3_23_6",23,2024-04-25,1,0,0
"760","3_23_6",23,2024-05-21,0,0,0
"761","3_23_7",23,2024-04-15,1,0,0
"762","3_23_7",23,2024-04-18,1,0,0
"763","3_23_7",23,2024-04-22,0,0,0
"764","3_23_7",23,2024-04-25,0,0,0
"765","3_23_7",23,2024-05-21,1,0,0
"766","3_23_8",23,2024-04-15,1,0,0
"767","3_23_8",23,2024-04-18,0,0,0
"768","3_23_8",23,2024-04-22,0,0,0
"769","3_23_8",23,2024-04-25,1,0,0
"770","3_23_8",23,2024-05-21,1,0,0
"771","3_23_9",23,2024-04-15,1,0,0
"772","3_23_9",23,2024-04-18,1,0,0
"773","3_23_9",23,2024-04-22,1,0,0
"774","3_23_9",23,2024-04-25,0,0,0
"775","3_23_9",23,2024-05-21,1,0,0
"776","3_25_1",25,2024-07-10,1,0,0
"777","3_25_1",25,2024-08-01,1,1,0
"778","3_25_1",25,2024-08-05,1,0,0
"779","3_25_1",25,2024-08-15,1,0,0
"780","3_25_1",25,2024-08-19,0,1,0
"781","3_25_1",25,2024-08-22,0,0,0
"782","3_25_2",25,2024-07-10,1,0,0
"783","3_25_2",25,2024-08-01,1,0,0
"784","3_25_2",25,2024-08-05,1,1,0
"785","3_25_2",25,2024-08-15,0,0,0
"786","3_25_2",25,2024-08-19,1,0,0
"787","3_25_2",25,2024-08-22,1,1,0
"788","3_25_3",25,2024-07-10,1,0,0
"789","3_25_3",25,2024-08-01,1,0,0
"790","3_25_3",25,2024-08-05,1,0,0
"791","3_25_3",25,2024-08-15,1,0,0
"792","3_25_3",25,2024-08-19,1,0,0
"793","3_25_3",25,2024-08-22,1,0,0
"794","3_25_4",25,2024-07-10,1,0,0
"795","3_25_4",25,2024-08-01,1,0,0
"796","3_25_4",25,2024-08-05,1,0,0
"797","3_25_4",25,2024-08-15,1,0,0
"798","3_25_4",25,2024-08-19,1,0,0
"799","3_25_4",25,2024-08-22,1,0,0
"800","3_25_5",25,2024-07-10,1,0,0
"801","3_25_5",25,2024-08-01,1,0,0
"802","3_25_5",25,2024-08-05,1,0,0
"803","3_25_5",25,2024-08-15,1,0,0
"804","3_25_5",25,2024-08-19,1,1,0
"805","3_25_5",25,2024-08-22,0,0,0
"806","3_25_6",25,2024-07-10,1,0,0
"807","3_25_6",25,2024-08-01,1,0,0
"808","3_25_6",25,2024-08-05,1,1,0
"809","3_25_6",25,2024-08-15,1,0,0
"810","3_25_6",25,2024-08-19,1,1,0
"811","3_25_6",25,2024-08-22,0,0,1
"812","3_25_7",25,2024-07-10,1,0,0
"813","3_25_7",25,2024-08-01,1,0,0
"814","3_25_7",25,2024-08-05,1,0,0
"815","3_25_7",25,2024-08-15,1,0,0
"816","3_25_7",25,2024-08-19,1,0,0
"817","3_25_7",25,2024-08-22,1,0,0
"818","3_25_8",25,2024-07-10,1,0,0
"819","3_25_8",25,2024-08-01,1,0,0
"820","3_25_8",25,2024-08-05,1,0,0
"821","3_25_8",25,2024-08-15,0,0,0
"822","3_25_8",25,2024-08-19,1,1,0
"823","3_25_8",25,2024-08-22,1,1,0
"824","3_25_9",25,2024-07-10,1,0,0
"825","3_25_9",25,2024-08-01,1,0,0
"826","3_25_9",25,2024-08-05,1,0,0
"827","3_25_9",25,2024-08-15,1,0,0
"828","3_25_9",25,2024-08-19,0,0,0
"829","3_25_9",25,2024-08-22,1,0,1
"830","3_4_9",4,2024-06-24,0,0,0
"831","3_64_1",64,2024-08-16,1,0,0
"832","3_64_1",64,2024-09-05,1,0,1
"833","3_64_1",64,2024-09-09,1,0,1
"834","3_64_1",64,2024-09-12,1,0,0
"835","3_64_1",64,2024-09-16,1,0,0
"836","3_64_1",64,2024-09-25,1,1,1
"837","3_64_1",64,2024-09-30,1,0,1
"838","3_64_1",64,2024-10-03,1,1,0
"839","3_64_2",64,2024-08-16,1,0,0
"840","3_64_2",64,2024-09-05,0,1,1
"841","3_64_2",64,2024-09-09,1,0,0
"842","3_64_2",64,2024-09-12,1,1,1
"843","3_64_2",64,2024-09-16,1,0,1
"844","3_64_2",64,2024-09-25,1,0,1
"845","3_64_2",64,2024-09-30,1,0,1
"846","3_64_2",64,2024-10-03,0,0,0
"847","3_64_3",64,2024-08-16,1,0,0
"848","3_64_3",64,2024-09-05,0,1,1
"849","3_64_3",64,2024-09-09,1,0,0
"850","3_64_3",64,2024-09-12,1,0,1
"851","3_64_3",64,2024-09-16,1,1,1
"852","3_64_3",64,2024-09-25,1,0,1
"853","3_64_3",64,2024-09-30,1,0,1
"854","3_64_3",64,2024-10-03,1,0,1
"855","3_64_4",64,2024-08-16,1,1,0
"856","3_64_4",64,2024-09-05,0,0,0
"857","3_64_4",64,2024-09-09,0,1,0
"858","3_64_4",64,2024-09-12,1,1,1
"859","3_64_4",64,2024-09-16,1,0,1
"860","3_64_4",64,2024-09-25,1,1,1
"861","3_64_4",64,2024-09-30,1,0,1
"862","3_64_4",64,2024-10-03,0,0,1
"863","3_64_5",64,2024-08-16,1,0,0
"864","3_64_5",64,2024-09-05,1,0,0
"865","3_64_5",64,2024-09-09,0,0,0
"866","3_64_5",64,2024-09-12,1,0,1
"867","3_64_5",64,2024-09-16,1,0,0
"868","3_64_5",64,2024-09-25,0,0,0
"869","3_64_5",64,2024-09-30,1,0,1
"870","3_64_5",64,2024-10-03,0,0,1
"871","3_64_6",64,2024-08-16,1,1,0
"872","3_64_6",64,2024-09-05,1,1,0
"873","3_64_6",64,2024-09-09,0,1,0
"874","3_64_6",64,2024-09-12,1,1,1
"875","3_64_6",64,2024-09-16,1,1,1
"876","3_64_6",64,2024-09-25,1,0,0
"877","3_64_6",64,2024-09-30,1,0,1
"878","3_64_6",64,2024-10-03,1,0,1
"879","3_64_7",64,2024-08-16,1,0,0
"880","3_64_7",64,2024-09-05,1,0,0
"881","3_64_7",64,2024-09-09,0,1,0
"882","3_64_7",64,2024-09-12,1,0,1
"883","3_64_7",64,2024-09-16,1,0,1
"884","3_64_7",64,2024-09-25,1,0,0
"885","3_64_7",64,2024-09-30,1,0,1
"886","3_64_7",64,2024-10-03,1,1,1
"887","3_64_8",64,2024-08-16,0,1,0
"888","3_64_8",64,2024-09-05,1,0,1
"889","3_64_8",64,2024-09-09,1,0,0
"890","3_64_8",64,2024-09-12,1,1,1
"891","3_64_8",64,2024-09-16,1,0,0
"892","3_64_8",64,2024-09-25,0,0,0
"893","3_64_8",64,2024-09-30,1,0,1
"894","3_64_8",64,2024-10-03,1,0,0
"895","3_64_9",64,2024-08-16,1,0,0
"896","3_64_9",64,2024-09-05,0,0,1
"897","3_64_9",64,2024-09-09,1,0,1
"898","3_64_9",64,2024-09-12,1,0,1
"899","3_64_9",64,2024-09-16,1,1,1
"900","3_64_9",64,2024-09-25,1,0,1
"901","3_64_9",64,2024-09-30,1,1,1
"902","3_64_9",64,2024-10-03,1,0,0
"903","3_65_1",65,2024-05-02,0,0,0
"904","3_65_1",65,2024-05-23,1,0,0
"905","3_65_1",65,2024-06-10,1,0,0
"906","3_65_1",65,2024-06-20,1,0,0
"907","3_65_1",65,2024-06-24,1,0,0
"908","3_65_2",65,2024-05-02,1,0,0
"909","3_65_2",65,2024-05-23,1,0,0
"910","3_65_2",65,2024-06-10,1,0,0
"911","3_65_2",65,2024-06-20,1,0,0
"912","3_65_2",65,2024-06-24,1,1,0
"913","3_65_3",65,2024-05-02,1,0,0
"914","3_65_3",65,2024-05-23,1,0,0
"915","3_65_3",65,2024-06-10,1,0,0
"916","3_65_3",65,2024-06-20,1,0,0
"917","3_65_3",65,2024-06-24,1,0,0
"918","3_65_4",65,2024-05-02,1,0,0
"919","3_65_4",65,2024-05-23,1,0,0
"920","3_65_4",65,2024-06-10,1,0,0
"921","3_65_4",65,2024-06-20,1,0,0
"922","3_65_4",65,2024-06-24,1,0,0
"923","3_65_5",65,2024-05-02,1,0,0
"924","3_65_5",65,2024-05-23,1,0,0
"925","3_65_5",65,2024-06-10,1,0,0
"926","3_65_5",65,2024-06-20,1,0,0
"927","3_65_5",65,2024-06-24,1,0,0
"928","3_65_6",65,2024-05-02,0,0,0
"929","3_65_6",65,2024-05-23,1,1,0
"930","3_65_6",65,2024-06-10,1,0,0
"931","3_65_6",65,2024-06-20,0,0,0
"932","3_65_6",65,2024-06-24,1,0,0
"933","3_65_7",65,2024-05-02,1,0,0
"934","3_65_7",65,2024-05-23,1,0,0
"935","3_65_7",65,2024-06-10,1,0,0
"936","3_65_7",65,2024-06-20,1,0,0
"937","3_65_7",65,2024-06-24,1,0,0
"938","3_65_8",65,2024-05-02,1,0,0
"939","3_65_8",65,2024-05-23,1,0,0
"940","3_65_8",65,2024-06-10,1,0,0
"941","3_65_8",65,2024-06-20,1,0,0
"942","3_65_8",65,2024-06-24,1,0,0
"943","3_65_9",65,2024-05-02,1,0,0
"944","3_65_9",65,2024-05-23,1,0,0
"945","3_65_9",65,2024-06-10,1,0,0
"946","3_65_9",65,2024-06-20,1,0,0
"947","3_65_9",65,2024-06-24,1,1,0
"948","3_7_1",7,2024-05-02,1,0,0
"949","3_7_1",7,2024-05-23,0,0,0
"950","3_7_1",7,2024-06-10,0,0,0
"951","3_7_1",7,2024-06-20,1,0,0
"952","3_7_1",7,2024-06-24,1,0,0
"953","3_7_2",7,2024-05-02,1,0,0
"954","3_7_2",7,2024-05-23,1,0,0
"955","3_7_2",7,2024-06-10,1,0,0
"956","3_7_2",7,2024-06-20,0,0,0
"957","3_7_2",7,2024-06-24,1,0,0
"958","3_7_3",7,2024-05-02,1,0,0
"959","3_7_3",7,2024-05-23,1,0,0
"960","3_7_3",7,2024-06-10,1,0,0
"961","3_7_3",7,2024-06-20,0,0,0
"962","3_7_3",7,2024-06-24,1,0,0
"963","3_7_4",7,2024-05-02,1,0,0
"964","3_7_4",7,2024-05-23,1,0,0
"965","3_7_4",7,2024-06-10,0,0,0
"966","3_7_4",7,2024-06-20,1,0,0
"967","3_7_4",7,2024-06-24,1,0,0
"968","3_7_5",7,2024-05-02,0,0,0
"969","3_7_5",7,2024-05-23,1,0,0
"970","3_7_5",7,2024-06-10,1,0,0
"971","3_7_5",7,2024-06-20,1,0,0
"972","3_7_5",7,2024-06-24,1,0,0
"973","3_7_6",7,2024-05-02,0,0,0
"974","3_7_6",7,2024-05-23,1,0,0
"975","3_7_6",7,2024-06-10,1,0,0
"976","3_7_6",7,2024-06-20,1,0,0
"977","3_7_6",7,2024-06-24,1,0,0
"978","3_7_7",7,2024-05-02,0,0,0
"979","3_7_7",7,2024-05-23,1,0,0
"980","3_7_7",7,2024-06-10,1,0,0
"981","3_7_7",7,2024-06-20,0,0,0
"982","3_7_7",7,2024-06-24,1,0,0
"983","3_7_8",7,2024-05-02,0,0,0
"984","3_7_8",7,2024-05-23,1,0,0
"985","3_7_8",7,2024-06-10,0,0,0
"986","3_7_8",7,2024-06-20,1,0,0
"987","3_7_8",7,2024-06-24,1,0,0
"988","3_7_9",7,2024-05-02,1,0,0
"989","3_7_9",7,2024-05-23,1,0,0
"990","3_7_9",7,2024-06-10,1,1,0
"991","3_7_9",7,2024-06-20,1,0,0
"992","3_7_9",7,2024-06-24,1,0,0
"993","4_107_1",107,2024-04-15,0,0,0
"994","4_107_1",107,2024-04-18,1,0,0
"995","4_107_1",107,2024-04-22,1,0,0
"996","4_107_1",107,2024-04-25,1,0,0
"997","4_107_1",107,2024-05-21,0,0,0
"998","4_107_2",107,2024-04-15,0,0,0
"999","4_107_2",107,2024-04-18,1,0,0
"1000","4_107_2",107,2024-04-22,1,0,0
"1001","4_107_2",107,2024-04-25,1,0,0
"1002","4_107_2",107,2024-05-21,1,0,0
"1003","4_107_3",107,2024-04-15,0,0,0
"1004","4_107_3",107,2024-04-18,1,0,0
"1005","4_107_3",107,2024-04-22,1,0,0
"1006","4_107_3",107,2024-04-25,1,0,0
"1007","4_107_3",107,2024-05-21,1,0,0
"1008","4_107_4",107,2024-04-15,1,0,0
"1009","4_107_4",107,2024-04-18,1,0,0
"1010","4_107_4",107,2024-04-22,1,0,0
"1011","4_107_4",107,2024-04-25,0,0,0
"1012","4_107_4",107,2024-05-21,1,0,0
"1013","4_107_5",107,2024-04-15,0,0,0
"1014","4_107_5",107,2024-04-18,0,0,0
"1015","4_107_5",107,2024-04-22,1,0,0
"1016","4_107_5",107,2024-04-25,1,0,0
"1017","4_107_5",107,2024-05-21,0,0,0
"1018","4_107_6",107,2024-04-15,0,0,0
"1019","4_107_6",107,2024-04-18,1,0,0
"1020","4_107_6",107,2024-04-22,1,0,0
"1021","4_107_6",107,2024-04-25,1,0,0
"1022","4_107_6",107,2024-05-21,1,0,0
"1023","4_107_7",107,2024-04-15,1,0,0
"1024","4_107_7",107,2024-04-18,0,0,0
"1025","4_107_7",107,2024-04-22,0,0,0
"1026","4_107_7",107,2024-04-25,0,0,0
"1027","4_107_7",107,2024-05-21,1,0,0
"1028","4_107_8",107,2024-04-15,1,0,0
"1029","4_107_8",107,2024-04-18,1,0,0
"1030","4_107_8",107,2024-04-22,1,0,0
"1031","4_107_8",107,2024-04-25,1,0,0
"1032","4_107_8",107,2024-05-21,1,0,0
"1033","4_107_9",107,2024-04-15,1,0,0
"1034","4_107_9",107,2024-04-18,1,0,0
"1035","4_107_9",107,2024-04-22,1,0,0
"1036","4_107_9",107,2024-04-25,1,0,0
"1037","4_107_9",107,2024-05-21,0,0,0
"1038","4_161_1",161,2024-07-10,1,0,0
"1039","4_161_1",161,2024-08-01,1,0,0
"1040","4_161_1",161,2024-08-05,1,0,0
"1041","4_161_1",161,2024-08-15,0,1,0
"1042","4_161_1",161,2024-08-19,0,1,0
"1043","4_161_1",161,2024-08-22,1,1,0
"1044","4_161_2",161,2024-07-10,0,0,0
"1045","4_161_2",161,2024-08-01,1,1,0
"1046","4_161_2",161,2024-08-05,1,1,0
"1047","4_161_2",161,2024-08-15,1,0,0
"1048","4_161_2",161,2024-08-19,0,1,0
"1049","4_161_2",161,2024-08-22,1,1,0
"1050","4_161_3",161,2024-07-10,1,0,0
"1051","4_161_3",161,2024-08-01,1,0,0
"1052","4_161_3",161,2024-08-05,1,0,0
"1053","4_161_3",161,2024-08-15,1,1,0
"1054","4_161_3",161,2024-08-19,1,1,0
"1055","4_161_3",161,2024-08-22,1,1,0
"1056","4_161_4",161,2024-07-10,1,0,0
"1057","4_161_4",161,2024-08-01,0,0,0
"1058","4_161_4",161,2024-08-05,1,0,0
"1059","4_161_4",161,2024-08-15,0,0,0
"1060","4_161_4",161,2024-08-19,1,0,0
"1061","4_161_4",161,2024-08-22,1,1,0
"1062","4_161_5",161,2024-07-10,1,0,0
"1063","4_161_5",161,2024-08-01,1,0,0
"1064","4_161_5",161,2024-08-05,1,1,0
"1065","4_161_5",161,2024-08-15,1,0,0
"1066","4_161_5",161,2024-08-19,0,1,0
"1067","4_161_5",161,2024-08-22,0,1,0
"1068","4_161_6",161,2024-07-10,1,0,0
"1069","4_161_6",161,2024-08-01,1,1,0
"1070","4_161_6",161,2024-08-05,1,0,0
"1071","4_161_6",161,2024-08-15,1,0,0
"1072","4_161_6",161,2024-08-19,1,0,0
"1073","4_161_6",161,2024-08-22,1,1,0
"1074","4_161_7",161,2024-07-10,0,0,0
"1075","4_161_7",161,2024-08-01,0,1,0
"1076","4_161_7",161,2024-08-05,1,0,0
"1077","4_161_7",161,2024-08-15,1,1,0
"1078","4_161_7",161,2024-08-19,0,1,0
"1079","4_161_7",161,2024-08-22,1,1,0
"1080","4_161_8",161,2024-07-10,1,0,0
"1081","4_161_8",161,2024-08-01,1,0,0
"1082","4_161_8",161,2024-08-05,1,0,0
"1083","4_161_8",161,2024-08-15,1,1,0
"1084","4_161_8",161,2024-08-19,1,0,0
"1085","4_161_8",161,2024-08-22,1,1,0
"1086","4_161_9",161,2024-07-10,1,0,0
"1087","4_161_9",161,2024-08-01,1,0,0
"1088","4_161_9",161,2024-08-05,1,0,0
"1089","4_161_9",161,2024-08-15,0,1,0
"1090","4_161_9",161,2024-08-19,1,1,0
"1091","4_161_9",161,2024-08-22,1,0,0
"1092","4_57_1",57,2024-06-06,1,0,0
"1093","4_57_1",57,2024-07-01,0,1,0
"1094","4_57_1",57,2024-07-15,1,0,0
"1095","4_57_1",57,2024-07-18,0,0,0
"1096","4_57_1",57,2024-07-25,1,1,0
"1097","4_57_1",57,2024-07-29,1,0,0
"1098","4_57_2",57,2024-06-06,1,0,0
"1099","4_57_2",57,2024-07-01,1,0,0
"1100","4_57_2",57,2024-07-15,1,0,0
"1101","4_57_2",57,2024-07-18,1,0,0
"1102","4_57_2",57,2024-07-25,1,1,0
"1103","4_57_2",57,2024-07-29,0,0,0
"1104","4_57_3",57,2024-06-06,1,0,0
"1105","4_57_3",57,2024-07-01,1,0,0
"1106","4_57_3",57,2024-07-15,1,0,0
"1107","4_57_3",57,2024-07-18,1,0,0
"1108","4_57_3",57,2024-07-25,1,0,0
"1109","4_57_3",57,2024-07-29,1,1,0
"1110","4_57_4",57,2024-06-06,1,0,0
"1111","4_57_4",57,2024-07-01,1,0,0
"1112","4_57_4",57,2024-07-15,1,1,0
"1113","4_57_4",57,2024-07-18,1,0,0
"1114","4_57_4",57,2024-07-25,1,0,0
"1115","4_57_4",57,2024-07-29,1,0,0
"1116","4_57_5",57,2024-06-06,1,0,0
"1117","4_57_5",57,2024-07-01,1,0,0
"1118","4_57_5",57,2024-07-15,1,0,0
"1119","4_57_5",57,2024-07-18,1,0,0
"1120","4_57_5",57,2024-07-25,0,1,0
"1121","4_57_5",57,2024-07-29,0,0,0
"1122","4_57_6",57,2024-06-06,1,0,0
"1123","4_57_6",57,2024-07-01,1,0,0
"1124","4_57_6",57,2024-07-15,1,0,0
"1125","4_57_6",57,2024-07-18,1,0,0
"1126","4_57_6",57,2024-07-25,1,0,0
"1127","4_57_6",57,2024-07-29,1,1,0
"1128","4_57_7",57,2024-06-06,1,0,0
"1129","4_57_7",57,2024-07-01,1,0,0
"1130","4_57_7",57,2024-07-15,1,1,0
"1131","4_57_7",57,2024-07-18,1,0,0
"1132","4_57_7",57,2024-07-25,1,0,0
"1133","4_57_7",57,2024-07-29,1,0,0
"1134","4_57_8",57,2024-06-06,1,0,0
"1135","4_57_8",57,2024-07-01,1,0,0
"1136","4_57_8",57,2024-07-15,1,1,0
"1137","4_57_8",57,2024-07-18,1,0,0
"1138","4_57_8",57,2024-07-25,1,0,0
"1139","4_57_8",57,2024-07-29,1,0,0
"1140","4_57_9",57,2024-06-06,1,1,0
"1141","4_57_9",57,2024-07-01,1,0,0
"1142","4_57_9",57,2024-07-15,1,1,0
"1143","4_57_9",57,2024-07-18,1,0,0
"1144","4_57_9",57,2024-07-25,1,0,0
"1145","4_57_9",57,2024-07-29,1,0,0
"1146","4_95_1",95,2024-08-16,0,1,0
"1147","4_95_1",95,2024-09-05,1,1,0
"1148","4_95_1",95,2024-09-09,1,1,0
"1149","4_95_1",95,2024-09-12,1,1,0
"1150","4_95_1",95,2024-09-16,1,1,1
"1151","4_95_1",95,2024-09-25,1,0,0
"1152","4_95_1",95,2024-09-30,0,1,1
"1153","4_95_1",95,2024-10-03,1,1,0
"1154","4_95_2",95,2024-08-16,1,0,0
"1155","4_95_2",95,2024-09-05,1,1,0
"1156","4_95_2",95,2024-09-09,1,1,0
"1157","4_95_2",95,2024-09-12,0,1,0
"1158","4_95_2",95,2024-09-16,1,1,1
"1159","4_95_2",95,2024-09-25,1,1,0
"1160","4_95_2",95,2024-09-30,1,1,0
"1161","4_95_2",95,2024-10-03,1,0,1
"1162","4_95_3",95,2024-08-16,1,0,0
"1163","4_95_3",95,2024-09-05,1,1,0
"1164","4_95_3",95,2024-09-09,0,1,0
"1165","4_95_3",95,2024-09-12,0,1,1
"1166","4_95_3",95,2024-09-16,1,0,0
"1167","4_95_3",95,2024-09-25,1,0,1
"1168","4_95_3",95,2024-09-30,1,1,0
"1169","4_95_3",95,2024-10-03,1,1,1
"1170","4_95_4",95,2024-08-16,1,1,0
"1171","4_95_4",95,2024-09-05,1,0,0
"1172","4_95_4",95,2024-09-09,1,1,0
"1173","4_95_4",95,2024-09-12,0,1,0
"1174","4_95_4",95,2024-09-16,1,0,0
"1175","4_95_4",95,2024-09-25,1,1,0
"1176","4_95_4",95,2024-09-30,1,1,1
"1177","4_95_4",95,2024-10-03,1,0,1
"1178","4_95_5",95,2024-08-16,1,0,0
"1179","4_95_5",95,2024-09-05,1,1,1
"1180","4_95_5",95,2024-09-09,1,1,0
"1181","4_95_5",95,2024-09-12,1,0,0
"1182","4_95_5",95,2024-09-16,1,1,1
"1183","4_95_5",95,2024-09-25,1,1,0
"1184","4_95_5",95,2024-09-30,1,0,0
"1185","4_95_5",95,2024-10-03,1,0,1
"1186","4_95_6",95,2024-08-16,1,1,0
"1187","4_95_6",95,2024-09-05,1,1,0
"1188","4_95_6",95,2024-09-09,1,0,1
"1189","4_95_6",95,2024-09-12,0,1,0
"1190","4_95_6",95,2024-09-16,1,0,1
"1191","4_95_6",95,2024-09-25,1,1,1
"1192","4_95_6",95,2024-09-30,0,1,1
"1193","4_95_6",95,2024-10-03,1,1,1
"1194","4_95_7",95,2024-08-16,0,1,0
"1195","4_95_7",95,2024-09-05,0,1,0
"1196","4_95_7",95,2024-09-09,0,1,0
"1197","4_95_7",95,2024-09-12,1,1,0
"1198","4_95_7",95,2024-09-16,1,1,0
"1199","4_95_7",95,2024-09-25,0,1,0
"1200","4_95_7",95,2024-09-30,1,0,1
"1201","4_95_7",95,2024-10-03,1,0,1
"1202","4_95_8",95,2024-08-16,1,0,0
"1203","4_95_8",95,2024-09-05,0,1,0
"1204","4_95_8",95,2024-09-09,0,1,0
"1205","4_95_8",95,2024-09-12,0,1,0
"1206","4_95_8",95,2024-09-16,0,1,0
"1207","4_95_8",95,2024-09-25,1,0,1
"1208","4_95_8",95,2024-09-30,0,0,1
"1209","4_95_8",95,2024-10-03,1,0,1
"1210","4_95_9",95,2024-08-16,1,0,0
"1211","4_95_9",95,2024-09-05,1,0,0
"1212","4_95_9",95,2024-09-09,0,0,0
"1213","4_95_9",95,2024-09-12,0,1,0
"1214","4_95_9",95,2024-09-16,1,1,0
"1215","4_95_9",95,2024-09-25,0,1,0
"1216","4_95_9",95,2024-09-30,0,1,1
"1217","4_95_9",95,2024-10-03,0,0,0
"1218","5_125_1",125,2024-06-06,1,0,0
"1219","5_125_1",125,2024-07-01,1,0,0
"1220","5_125_1",125,2024-07-15,0,1,0
"1221","5_125_1",125,2024-07-18,0,0,0
"1222","5_125_1",125,2024-07-25,1,0,0
"1223","5_125_1",125,2024-07-29,1,0,0
"1224","5_125_2",125,2024-06-06,1,0,0
"1225","5_125_2",125,2024-07-01,0,0,0
"1226","5_125_2",125,2024-07-15,1,0,0
"1227","5_125_2",125,2024-07-18,1,0,0
"1228","5_125_2",125,2024-07-25,1,0,0
"1229","5_125_2",125,2024-07-29,1,0,0
"1230","5_125_3",125,2024-06-06,1,0,0
"1231","5_125_3",125,2024-07-01,1,0,0
"1232","5_125_3",125,2024-07-15,1,0,0
"1233","5_125_3",125,2024-07-18,1,0,0
"1234","5_125_3",125,2024-07-25,1,0,0
"1235","5_125_3",125,2024-07-29,1,0,0
"1236","5_125_4",125,2024-06-06,1,0,0
"1237","5_125_4",125,2024-07-01,1,1,0
"1238","5_125_4",125,2024-07-15,1,1,0
"1239","5_125_4",125,2024-07-18,1,1,0
"1240","5_125_4",125,2024-07-25,0,1,0
"1241","5_125_4",125,2024-07-29,1,1,0
"1242","5_125_5",125,2024-06-06,1,0,0
"1243","5_125_5",125,2024-07-01,1,0,0
"1244","5_125_5",125,2024-07-15,1,0,0
"1245","5_125_5",125,2024-07-18,1,0,0
"1246","5_125_5",125,2024-07-25,1,0,0
"1247","5_125_5",125,2024-07-29,1,1,0
"1248","5_125_6",125,2024-06-06,1,0,0
"1249","5_125_6",125,2024-07-01,0,0,0
"1250","5_125_6",125,2024-07-15,0,1,0
"1251","5_125_6",125,2024-07-18,1,0,0
"1252","5_125_6",125,2024-07-25,1,0,0
"1253","5_125_6",125,2024-07-29,1,1,0
"1254","5_125_7",125,2024-06-06,1,0,0
"1255","5_125_7",125,2024-07-01,1,0,0
"1256","5_125_7",125,2024-07-15,1,0,0
"1257","5_125_7",125,2024-07-18,1,0,0
"1258","5_125_7",125,2024-07-25,1,0,0
"1259","5_125_7",125,2024-07-29,1,0,0
"1260","5_125_8",125,2024-06-06,1,0,0
"1261","5_125_8",125,2024-07-01,0,0,0
"1262","5_125_8",125,2024-07-15,1,0,0
"1263","5_125_8",125,2024-07-18,1,0,0
"1264","5_125_8",125,2024-07-25,1,0,0
"1265","5_125_8",125,2024-07-29,0,1,0
"1266","5_125_9",125,2024-06-06,1,0,0
"1267","5_125_9",125,2024-07-01,1,0,0
"1268","5_125_9",125,2024-07-15,0,1,0
"1269","5_125_9",125,2024-07-18,1,1,0
"1270","5_125_9",125,2024-07-25,1,0,0
"1271","5_125_9",125,2024-07-29,1,0,0
"1272","5_71_1",71,2024-04-15,1,0,0
"1273","5_71_1",71,2024-04-18,1,0,0
"1274","5_71_1",71,2024-04-22,1,0,0
"1275","5_71_1",71,2024-04-25,1,0,0
"1276","5_71_1",71,2024-05-21,0,0,0
"1277","5_71_2",71,2024-04-15,1,0,0
"1278","5_71_2",71,2024-04-18,0,0,0
"1279","5_71_2",71,2024-04-22,1,0,0
"1280","5_71_2",71,2024-04-25,1,0,0
"1281","5_71_2",71,2024-05-21,0,0,0
"1282","5_71_3",71,2024-04-15,1,0,0
"1283","5_71_3",71,2024-04-18,1,0,0
"1284","5_71_3",71,2024-04-22,1,0,0
"1285","5_71_3",71,2024-04-25,1,0,0
"1286","5_71_3",71,2024-05-21,1,1,0
"1287","5_71_4",71,2024-04-15,1,0,0
"1288","5_71_4",71,2024-04-18,1,0,0
"1289","5_71_4",71,2024-04-22,1,0,0
"1290","5_71_4",71,2024-04-25,1,0,0
"1291","5_71_4",71,2024-05-21,0,0,0
"1292","5_71_5",71,2024-04-15,1,0,0
"1293","5_71_5",71,2024-04-18,0,0,0
"1294","5_71_5",71,2024-04-22,1,0,0
"1295","5_71_5",71,2024-04-25,0,0,0
"1296","5_71_5",71,2024-05-21,0,0,0
"1297","5_71_6",71,2024-04-15,0,0,0
"1298","5_71_6",71,2024-04-18,0,0,0
"1299","5_71_6",71,2024-04-22,1,0,0
"1300","5_71_6",71,2024-04-25,0,0,0
"1301","5_71_6",71,2024-05-21,1,0,0
"1302","5_71_7",71,2024-04-15,1,0,0
"1303","5_71_7",71,2024-04-18,1,0,0
"1304","5_71_7",71,2024-04-22,1,0,0
"1305","5_71_7",71,2024-04-25,1,0,0
"1306","5_71_7",71,2024-05-21,1,0,0
"1307","5_71_8",71,2024-04-15,0,0,0
"1308","5_71_8",71,2024-04-18,1,0,0
"1309","5_71_8",71,2024-04-22,1,0,0
"1310","5_71_8",71,2024-04-25,1,0,0
"1311","5_71_8",71,2024-05-21,1,0,0
"1312","5_71_9",71,2024-04-15,0,0,0
"1313","5_71_9",71,2024-04-18,1,0,0
"1314","5_71_9",71,2024-04-22,1,0,0
"1315","5_71_9",71,2024-04-25,1,0,0
"1316","5_71_9",71,2024-05-21,1,1,0
"1317","5_72_1",72,2024-07-10,1,0,0
"1318","5_72_1",72,2024-08-01,1,0,0
"1319","5_72_1",72,2024-08-05,1,0,0
"1320","5_72_1",72,2024-08-15,1,0,0
"1321","5_72_1",72,2024-08-19,1,0,0
"1322","5_72_1",72,2024-08-22,0,1,0
"1323","5_72_2",72,2024-07-10,0,0,0
"1324","5_72_2",72,2024-08-01,1,0,0
"1325","5_72_2",72,2024-08-05,1,0,0
"1326","5_72_2",72,2024-08-15,1,1,0
"1327","5_72_2",72,2024-08-19,1,0,0
"1328","5_72_2",72,2024-08-22,1,0,0
"1329","5_72_3",72,2024-07-10,1,0,0
"1330","5_72_3",72,2024-08-01,1,0,0
"1331","5_72_3",72,2024-08-05,1,1,0
"1332","5_72_3",72,2024-08-15,1,0,0
"1333","5_72_3",72,2024-08-19,0,1,0
"1334","5_72_3",72,2024-08-22,0,0,0
"1335","5_72_4",72,2024-07-10,1,0,0
"1336","5_72_4",72,2024-08-01,1,0,0
"1337","5_72_4",72,2024-08-05,1,0,0
"1338","5_72_4",72,2024-08-15,1,0,0
"1339","5_72_4",72,2024-08-19,0,0,0
"1340","5_72_4",72,2024-08-22,1,0,0
"1341","5_72_5",72,2024-07-10,1,0,0
"1342","5_72_5",72,2024-08-01,1,0,0
"1343","5_72_5",72,2024-08-05,1,0,0
"1344","5_72_5",72,2024-08-15,1,0,0
"1345","5_72_5",72,2024-08-19,1,0,0
"1346","5_72_5",72,2024-08-22,1,0,0
"1347","5_72_6",72,2024-07-10,1,1,0
"1348","5_72_6",72,2024-08-01,1,0,0
"1349","5_72_6",72,2024-08-05,0,1,0
"1350","5_72_6",72,2024-08-15,1,0,0
"1351","5_72_6",72,2024-08-19,1,0,0
"1352","5_72_6",72,2024-08-22,1,1,0
"1353","5_72_7",72,2024-07-10,1,0,0
"1354","5_72_7",72,2024-08-01,1,0,0
"1355","5_72_7",72,2024-08-05,1,0,0
"1356","5_72_7",72,2024-08-15,1,1,0
"1357","5_72_7",72,2024-08-19,1,0,0
"1358","5_72_7",72,2024-08-22,1,0,0
"1359","5_72_8",72,2024-07-10,1,1,0
"1360","5_72_8",72,2024-08-01,0,1,0
"1361","5_72_8",72,2024-08-05,1,0,0
"1362","5_72_8",72,2024-08-15,1,0,0
"1363","5_72_8",72,2024-08-19,1,0,0
"1364","5_72_8",72,2024-08-22,1,1,0
"1365","5_72_9",72,2024-07-10,1,0,0
"1366","5_72_9",72,2024-08-01,1,0,0
"1367","5_72_9",72,2024-08-05,1,0,0
"1368","5_72_9",72,2024-08-15,1,0,0
"1369","5_72_9",72,2024-08-19,1,0,0
"1370","5_72_9",72,2024-08-22,1,0,0
"1371","5_98_1",98,2024-08-16,1,1,0
"1372","5_98_1",98,2024-09-05,0,1,0
"1373","5_98_1",98,2024-09-09,0,1,0
"1374","5_98_1",98,2024-09-12,0,0,0
"1375","5_98_1",98,2024-09-16,0,0,0
"1376","5_98_1",98,2024-09-25,1,0,1
"1377","5_98_1",98,2024-09-30,1,1,1
"1378","5_98_1",98,2024-10-03,1,1,1
"1379","5_98_2",98,2024-08-16,0,1,0
"1380","5_98_2",98,2024-09-05,1,0,0
"1381","5_98_2",98,2024-09-09,1,0,0
"1382","5_98_2",98,2024-09-12,0,1,0
"1383","5_98_2",98,2024-09-16,1,0,1
"1384","5_98_2",98,2024-09-25,1,1,0
"1385","5_98_2",98,2024-09-30,1,1,1
"1386","5_98_2",98,2024-10-03,1,1,1
"1387","5_98_3",98,2024-08-16,1,0,0
"1388","5_98_3",98,2024-09-05,1,0,0
"1389","5_98_3",98,2024-09-09,1,0,0
"1390","5_98_3",98,2024-09-12,1,0,0
"1391","5_98_3",98,2024-09-16,1,0,1
"1392","5_98_3",98,2024-09-25,1,1,0
"1393","5_98_3",98,2024-09-30,1,0,1
"1394","5_98_3",98,2024-10-03,1,0,1
"1395","5_98_4",98,2024-08-16,1,1,0
"1396","5_98_4",98,2024-09-05,1,1,0
"1397","5_98_4",98,2024-09-09,1,0,0
"1398","5_98_4",98,2024-09-12,1,0,0
"1399","5_98_4",98,2024-09-16,1,1,1
"1400","5_98_4",98,2024-09-25,1,0,0
"1401","5_98_4",98,2024-09-30,1,1,1
"1402","5_98_4",98,2024-10-03,1,0,1
"1403","5_98_5",98,2024-08-16,0,1,0
"1404","5_98_5",98,2024-09-05,1,1,0
"1405","5_98_5",98,2024-09-09,1,0,0
"1406","5_98_5",98,2024-09-12,1,1,0
"1407","5_98_5",98,2024-09-16,1,1,0
"1408","5_98_5",98,2024-09-25,1,1,0
"1409","5_98_5",98,2024-09-30,1,1,1
"1410","5_98_5",98,2024-10-03,1,0,0
"1411","5_98_6",98,2024-08-16,1,1,0
"1412","5_98_6",98,2024-09-05,1,1,0
"1413","5_98_6",98,2024-09-09,1,0,0
"1414","5_98_6",98,2024-09-12,0,1,1
"1415","5_98_6",98,2024-09-16,1,0,0
"1416","5_98_6",98,2024-09-25,1,0,0
"1417","5_98_6",98,2024-09-30,0,1,1
"1418","5_98_6",98,2024-10-03,1,1,0
"1419","5_98_7",98,2024-08-16,1,1,0
"1420","5_98_7",98,2024-09-05,1,1,0
"1421","5_98_7",98,2024-09-09,1,1,0
"1422","5_98_7",98,2024-09-12,1,1,0
"1423","5_98_7",98,2024-09-16,1,0,1
"1424","5_98_7",98,2024-09-25,1,1,0
"1425","5_98_7",98,2024-09-30,1,0,1
"1426","5_98_7",98,2024-10-03,1,1,0
"1427","5_98_8",98,2024-08-16,1,1,0
"1428","5_98_8",98,2024-09-05,1,0,0
"1429","5_98_8",98,2024-09-09,1,1,0
"1430","5_98_8",98,2024-09-12,1,0,0
"1431","5_98_8",98,2024-09-16,1,0,1
"1432","5_98_8",98,2024-09-25,1,0,0
"1433","5_98_8",98,2024-09-30,1,0,0
"1434","5_98_8",98,2024-10-03,1,1,1
"1435","5_98_9",98,2024-08-16,1,0,0
"1436","5_98_9",98,2024-09-05,1,1,0
"1437","5_98_9",98,2024-09-09,1,0,0
"1438","5_98_9",98,2024-09-12,1,0,0
"1439","5_98_9",98,2024-09-16,1,0,1
"1440","5_98_9",98,2024-09-25,1,0,0
"1441","5_98_9",98,2024-09-30,0,1,1
"1442","5_98_9",98,2024-10-03,1,0,1
"1443","6_102_1",102,2024-08-16,0,1,0
"1444","6_102_1",102,2024-09-05,1,0,0
"1445","6_102_1",102,2024-09-09,0,1,0
"1446","6_102_1",102,2024-09-12,1,0,1
"1447","6_102_1",102,2024-09-16,1,0,1
"1448","6_102_1",102,2024-09-25,0,0,0
"1449","6_102_1",102,2024-09-30,0,1,0
"1450","6_102_1",102,2024-10-03,0,1,0
"1451","6_102_2",102,2024-08-16,0,1,0
"1452","6_102_2",102,2024-09-05,0,1,0
"1453","6_102_2",102,2024-09-09,1,1,0
"1454","6_102_2",102,2024-09-12,0,1,0
"1455","6_102_2",102,2024-09-16,1,1,0
"1456","6_102_2",102,2024-09-25,0,0,1
"1457","6_102_2",102,2024-09-30,0,1,0
"1458","6_102_2",102,2024-10-03,1,1,0
"1459","6_102_3",102,2024-08-16,0,0,0
"1460","6_102_3",102,2024-09-05,1,1,0
"1461","6_102_3",102,2024-09-09,0,0,0
"1462","6_102_3",102,2024-09-12,0,1,0
"1463","6_102_3",102,2024-09-16,1,1,0
"1464","6_102_3",102,2024-09-25,0,1,0
"1465","6_102_3",102,2024-09-30,0,1,1
"1466","6_102_3",102,2024-10-03,1,0,1
"1467","6_102_4",102,2024-08-16,1,0,0
"1468","6_102_4",102,2024-09-05,1,1,0
"1469","6_102_4",102,2024-09-09,0,1,0
"1470","6_102_4",102,2024-09-12,1,1,0
"1471","6_102_4",102,2024-09-16,1,1,0
"1472","6_102_4",102,2024-09-25,1,0,0
"1473","6_102_4",102,2024-09-30,1,1,0
"1474","6_102_4",102,2024-10-03,1,1,1
"1475","6_102_5",102,2024-08-16,1,1,0
"1476","6_102_5",102,2024-09-05,0,1,0
"1477","6_102_5",102,2024-09-09,0,1,0
"1478","6_102_5",102,2024-09-12,0,1,0
"1479","6_102_5",102,2024-09-16,1,0,1
"1480","6_102_5",102,2024-09-25,1,0,0
"1481","6_102_5",102,2024-09-30,0,1,0
"1482","6_102_5",102,2024-10-03,0,1,1
"1483","6_102_6",102,2024-08-16,1,1,0
"1484","6_102_6",102,2024-09-05,0,1,0
"1485","6_102_6",102,2024-09-09,1,0,0
"1486","6_102_6",102,2024-09-12,0,1,0
"1487","6_102_6",102,2024-09-16,1,0,0
"1488","6_102_6",102,2024-09-25,0,1,0
"1489","6_102_6",102,2024-09-30,1,1,0
"1490","6_102_6",102,2024-10-03,1,1,1
"1491","6_102_7",102,2024-08-16,0,1,0
"1492","6_102_7",102,2024-09-05,0,1,0
"1493","6_102_7",102,2024-09-09,1,1,0
"1494","6_102_7",102,2024-09-12,1,0,0
"1495","6_102_7",102,2024-09-16,1,0,0
"1496","6_102_7",102,2024-09-25,1,1,0
"1497","6_102_7",102,2024-09-30,1,1,1
"1498","6_102_7",102,2024-10-03,1,0,1
"1499","6_102_8",102,2024-08-16,1,1,0
"1500","6_102_8",102,2024-09-05,1,0,1
"1501","6_102_8",102,2024-09-09,0,1,0
"1502","6_102_8",102,2024-09-12,0,0,0
"1503","6_102_8",102,2024-09-16,1,0,0
"1504","6_102_8",102,2024-09-25,0,1,0
"1505","6_102_8",102,2024-09-30,0,1,0
"1506","6_102_8",102,2024-10-03,1,1,1
"1507","6_102_9",102,2024-08-16,1,1,0
"1508","6_102_9",102,2024-09-05,1,0,0
"1509","6_102_9",102,2024-09-09,0,1,0
"1510","6_102_9",102,2024-09-12,1,1,0
"1511","6_102_9",102,2024-09-16,1,1,0
"1512","6_102_9",102,2024-09-25,0,0,0
"1513","6_102_9",102,2024-09-30,1,1,1
"1514","6_102_9",102,2024-10-03,0,0,0
"1515","6_128_1",128,2024-04-15,1,0,0
"1516","6_128_1",128,2024-04-18,0,0,0
"1517","6_128_1",128,2024-04-22,1,0,0
"1518","6_128_1",128,2024-04-25,1,0,0
"1519","6_128_1",128,2024-05-21,0,0,0
"1520","6_128_2",128,2024-04-15,1,0,0
"1521","6_128_2",128,2024-04-18,1,0,0
"1522","6_128_2",128,2024-04-22,1,0,0
"1523","6_128_2",128,2024-04-25,1,0,0
"1524","6_128_2",128,2024-05-21,1,0,0
"1525","6_128_3",128,2024-04-15,1,0,0
"1526","6_128_3",128,2024-04-18,1,0,0
"1527","6_128_3",128,2024-04-22,1,0,0
"1528","6_128_3",128,2024-04-25,1,0,0
"1529","6_128_3",128,2024-05-21,1,0,0
"1530","6_128_4",128,2024-04-15,1,0,0
"1531","6_128_4",128,2024-04-18,1,0,0
"1532","6_128_4",128,2024-04-22,1,0,0
"1533","6_128_4",128,2024-04-25,1,0,0
"1534","6_128_4",128,2024-05-21,1,0,0
"1535","6_128_5",128,2024-04-15,1,0,0
"1536","6_128_5",128,2024-04-18,0,0,0
"1537","6_128_5",128,2024-04-22,1,0,0
"1538","6_128_5",128,2024-04-25,1,0,0
"1539","6_128_5",128,2024-05-21,0,0,0
"1540","6_128_6",128,2024-04-15,0,0,0
"1541","6_128_6",128,2024-04-18,1,0,0
"1542","6_128_6",128,2024-04-22,1,0,0
"1543","6_128_6",128,2024-04-25,1,0,0
"1544","6_128_6",128,2024-05-21,1,0,0
"1545","6_128_7",128,2024-04-15,1,0,0
"1546","6_128_7",128,2024-04-18,1,0,0
"1547","6_128_7",128,2024-04-22,1,0,0
"1548","6_128_7",128,2024-04-25,1,0,0
"1549","6_128_7",128,2024-05-21,1,0,0
"1550","6_128_8",128,2024-04-15,0,0,0
"1551","6_128_8",128,2024-04-18,1,0,0
"1552","6_128_8",128,2024-04-22,1,0,0
"1553","6_128_8",128,2024-04-25,1,0,0
"1554","6_128_8",128,2024-05-21,0,0,0
"1555","6_128_9",128,2024-04-15,0,0,0
"1556","6_128_9",128,2024-04-18,0,0,0
"1557","6_128_9",128,2024-04-22,1,0,0
"1558","6_128_9",128,2024-04-25,0,0,0
"1559","6_128_9",128,2024-05-21,1,0,0
"1560","6_77_1",77,2024-07-10,1,0,0
"1561","6_77_1",77,2024-08-01,1,1,0
"1562","6_77_1",77,2024-08-05,1,1,0
"1563","6_77_1",77,2024-08-15,0,1,0
"1564","6_77_1",77,2024-08-19,0,1,0
"1565","6_77_1",77,2024-08-22,1,0,0
"1566","6_77_2",77,2024-07-10,1,0,0
"1567","6_77_2",77,2024-08-01,1,1,0
"1568","6_77_2",77,2024-08-05,1,0,0
"1569","6_77_2",77,2024-08-15,1,0,0
"1570","6_77_2",77,2024-08-19,1,0,0
"1571","6_77_2",77,2024-08-22,1,0,0
"1572","6_77_3",77,2024-07-10,1,0,0
"1573","6_77_3",77,2024-08-01,1,0,0
"1574","6_77_3",77,2024-08-05,1,0,0
"1575","6_77_3",77,2024-08-15,1,1,0
"1576","6_77_3",77,2024-08-19,1,0,0
"1577","6_77_3",77,2024-08-22,0,1,0
"1578","6_77_4",77,2024-07-10,1,0,0
"1579","6_77_4",77,2024-08-01,1,1,0
"1580","6_77_4",77,2024-08-05,1,0,0
"1581","6_77_4",77,2024-08-15,1,1,0
"1582","6_77_4",77,2024-08-19,0,1,0
"1583","6_77_4",77,2024-08-22,1,0,0
"1584","6_77_5",77,2024-07-10,1,1,0
"1585","6_77_5",77,2024-08-01,1,0,0
"1586","6_77_5",77,2024-08-05,1,0,0
"1587","6_77_5",77,2024-08-15,1,1,0
"1588","6_77_5",77,2024-08-19,1,0,0
"1589","6_77_5",77,2024-08-22,0,0,0
"1590","6_77_6",77,2024-07-10,1,1,0
"1591","6_77_6",77,2024-08-01,1,0,0
"1592","6_77_6",77,2024-08-05,1,0,0
"1593","6_77_6",77,2024-08-15,0,0,0
"1594","6_77_6",77,2024-08-19,1,1,0
"1595","6_77_6",77,2024-08-22,1,0,0
"1596","6_77_7",77,2024-07-10,0,0,0
"1597","6_77_7",77,2024-08-01,1,1,0
"1598","6_77_7",77,2024-08-05,1,0,0
"1599","6_77_7",77,2024-08-15,1,0,0
"1600","6_77_7",77,2024-08-19,1,0,0
"1601","6_77_7",77,2024-08-22,1,0,0
"1602","6_77_8",77,2024-07-10,1,0,0
"1603","6_77_8",77,2024-08-01,1,0,0
"1604","6_77_8",77,2024-08-05,1,0,0
"1605","6_77_8",77,2024-08-15,1,1,0
"1606","6_77_8",77,2024-08-19,1,1,0
"1607","6_77_8",77,2024-08-22,1,0,0
"1608","6_77_9",77,2024-07-10,1,0,0
"1609","6_77_9",77,2024-08-01,1,0,0
"1610","6_77_9",77,2024-08-05,1,0,0
"1611","6_77_9",77,2024-08-15,1,0,0
"1612","6_77_9",77,2024-08-19,1,0,0
"1613","6_77_9",77,2024-08-22,1,1,0
"1614","6_81_1",81,2024-05-02,1,0,0
"1615","6_81_1",81,2024-05-23,1,0,0
"1616","6_81_1",81,2024-06-10,1,0,0
"1617","6_81_1",81,2024-06-20,1,0,0
"1618","6_81_1",81,2024-06-24,0,0,0
"1619","6_81_2",81,2024-05-02,1,0,0
"1620","6_81_2",81,2024-05-23,1,0,0
"1621","6_81_2",81,2024-06-10,1,0,0
"1622","6_81_2",81,2024-06-20,1,0,0
"1623","6_81_2",81,2024-06-24,1,0,0
"1624","6_81_3",81,2024-05-02,1,0,0
"1625","6_81_3",81,2024-05-23,1,0,0
"1626","6_81_3",81,2024-06-10,1,0,0
"1627","6_81_3",81,2024-06-20,1,0,0
"1628","6_81_3",81,2024-06-24,1,0,0
"1629","6_81_4",81,2024-05-02,1,0,0
"1630","6_81_4",81,2024-05-23,1,0,0
"1631","6_81_4",81,2024-06-10,1,0,0
"1632","6_81_4",81,2024-06-20,1,0,0
"1633","6_81_4",81,2024-06-24,1,0,0
"1634","6_81_5",81,2024-05-02,1,0,0
"1635","6_81_5",81,2024-05-23,1,0,0
"1636","6_81_5",81,2024-06-10,1,0,0
"1637","6_81_5",81,2024-06-20,1,0,0
"1638","6_81_5",81,2024-06-24,0,0,0
"1639","6_81_6",81,2024-05-02,1,0,0
"1640","6_81_6",81,2024-05-23,1,0,0
"1641","6_81_6",81,2024-06-10,0,0,0
"1642","6_81_6",81,2024-06-20,1,0,0
"1643","6_81_6",81,2024-06-24,0,0,0
"1644","6_81_7",81,2024-05-02,1,0,0
"1645","6_81_7",81,2024-05-23,0,0,0
"1646","6_81_7",81,2024-06-10,1,0,0
"1647","6_81_7",81,2024-06-20,1,0,0
"1648","6_81_7",81,2024-06-24,1,0,0
"1649","6_81_8",81,2024-05-02,1,0,0
"1650","6_81_8",81,2024-05-23,1,0,0
"1651","6_81_8",81,2024-06-10,1,0,0
"1652","6_81_8",81,2024-06-20,1,0,0
"1653","6_81_8",81,2024-06-24,1,0,0
"1654","6_81_9",81,2024-05-02,1,0,0
"1655","6_81_9",81,2024-05-23,1,0,0
"1656","6_81_9",81,2024-06-10,1,0,0
"1657","6_81_9",81,2024-06-20,1,0,0
"1658","6_81_9",81,2024-06-24,1,0,0
"1659","6_90_1",90,2024-06-06,1,0,0
"1660","6_90_1",90,2024-07-01,1,0,0
"1661","6_90_1",90,2024-07-15,1,0,0
"1662","6_90_1",90,2024-07-18,1,0,0
"1663","6_90_1",90,2024-07-25,1,0,0
"1664","6_90_1",90,2024-07-29,1,1,0
"1665","6_90_2",90,2024-06-06,1,0,0
"1666","6_90_2",90,2024-07-01,1,0,0
"1667","6_90_2",90,2024-07-15,1,0,0
"1668","6_90_2",90,2024-07-18,1,0,0
"1669","6_90_2",90,2024-07-25,1,0,0
"1670","6_90_2",90,2024-07-29,1,0,0
"1671","6_90_3",90,2024-06-06,1,0,0
"1672","6_90_3",90,2024-07-01,1,0,0
"1673","6_90_3",90,2024-07-15,1,0,0
"1674","6_90_3",90,2024-07-18,0,0,0
"1675","6_90_3",90,2024-07-25,1,1,0
"1676","6_90_3",90,2024-07-29,1,1,0
"1677","6_90_4",90,2024-06-06,1,0,0
"1678","6_90_4",90,2024-07-01,1,0,0
"1679","6_90_4",90,2024-07-15,1,0,0
"1680","6_90_4",90,2024-07-18,1,0,0
"1681","6_90_4",90,2024-07-25,1,0,0
"1682","6_90_4",90,2024-07-29,1,0,0
"1683","6_90_5",90,2024-06-06,1,0,0
"1684","6_90_5",90,2024-07-01,1,0,0
"1685","6_90_5",90,2024-07-15,1,0,0
"1686","6_90_5",90,2024-07-18,1,0,0
"1687","6_90_5",90,2024-07-25,1,0,0
"1688","6_90_5",90,2024-07-29,0,1,0
"1689","6_90_6",90,2024-06-06,1,0,0
"1690","6_90_6",90,2024-07-01,1,0,0
"1691","6_90_6",90,2024-07-15,0,0,0
"1692","6_90_6",90,2024-07-18,1,0,0
"1693","6_90_6",90,2024-07-25,1,0,0
"1694","6_90_6",90,2024-07-29,1,1,0
"1695","6_90_7",90,2024-06-06,1,0,0
"1696","6_90_7",90,2024-07-01,0,1,0
"1697","6_90_7",90,2024-07-15,0,0,0
"1698","6_90_7",90,2024-07-18,1,0,0
"1699","6_90_7",90,2024-07-25,1,0,0
"1700","6_90_7",90,2024-07-29,1,0,0
"1701","6_90_8",90,2024-06-06,1,0,0
"1702","6_90_8",90,2024-07-01,1,0,0
"1703","6_90_8",90,2024-07-15,1,0,0
"1704","6_90_8",90,2024-07-18,1,1,0
"1705","6_90_8",90,2024-07-25,0,0,0
"1706","6_90_8",90,2024-07-29,1,0,0
"1707","6_90_9",90,2024-06-06,1,0,0
"1708","6_90_9",90,2024-07-01,1,0,0
"1709","6_90_9",90,2024-07-15,1,0,0
"1710","6_90_9",90,2024-07-18,1,0,0
"1711","6_90_9",90,2024-07-25,1,0,0
"1712","6_90_9",90,2024-07-29,1,0,0
"1713","7_134_1",134,2024-06-06,1,0,0
"1714","7_134_1",134,2024-07-01,1,0,0
"1715","7_134_1",134,2024-07-15,1,0,0
"1716","7_134_1",134,2024-07-18,1,0,0
"1717","7_134_1",134,2024-07-25,1,0,0
"1718","7_134_1",134,2024-07-29,1,1,0
"1719","7_134_2",134,2024-06-06,1,0,0
"1720","7_134_2",134,2024-07-01,1,0,0
"1721","7_134_2",134,2024-07-15,0,0,0
"1722","7_134_2",134,2024-07-18,0,0,0
"1723","7_134_2",134,2024-07-25,1,0,0
"1724","7_134_2",134,2024-07-29,1,0,0
"1725","7_134_3",134,2024-06-06,1,0,0
"1726","7_134_3",134,2024-07-01,1,0,0
"1727","7_134_3",134,2024-07-15,1,0,0
"1728","7_134_3",134,2024-07-18,0,0,0
"1729","7_134_3",134,2024-07-25,1,0,0
"1730","7_134_3",134,2024-07-29,1,0,0
"1731","7_134_4",134,2024-06-06,1,0,0
"1732","7_134_4",134,2024-07-01,1,0,0
"1733","7_134_4",134,2024-07-15,1,0,0
"1734","7_134_4",134,2024-07-18,1,0,0
"1735","7_134_4",134,2024-07-25,1,0,0
"1736","7_134_4",134,2024-07-29,1,0,0
"1737","7_134_5",134,2024-06-06,0,0,0
"1738","7_134_5",134,2024-07-01,1,0,0
"1739","7_134_5",134,2024-07-15,1,0,0
"1740","7_134_5",134,2024-07-18,1,1,0
"1741","7_134_5",134,2024-07-25,1,0,0
"1742","7_134_5",134,2024-07-29,1,1,0
"1743","7_134_6",134,2024-06-06,0,0,0
"1744","7_134_6",134,2024-07-01,1,0,0
"1745","7_134_6",134,2024-07-15,1,0,0
"1746","7_134_6",134,2024-07-18,0,0,0
"1747","7_134_6",134,2024-07-25,1,0,0
"1748","7_134_6",134,2024-07-29,1,1,0
"1749","7_134_7",134,2024-06-06,1,0,0
"1750","7_134_7",134,2024-07-01,1,0,0
"1751","7_134_7",134,2024-07-15,1,0,0
"1752","7_134_7",134,2024-07-18,1,0,0
"1753","7_134_7",134,2024-07-25,1,0,0
"1754","7_134_7",134,2024-07-29,1,0,0
"1755","7_134_8",134,2024-06-06,1,0,0
"1756","7_134_8",134,2024-07-01,0,0,0
"1757","7_134_8",134,2024-07-15,1,0,0
"1758","7_134_8",134,2024-07-18,1,1,0
"1759","7_134_8",134,2024-07-25,1,0,0
"1760","7_134_8",134,2024-07-29,0,1,0
"1761","7_134_9",134,2024-06-06,1,0,0
"1762","7_134_9",134,2024-07-01,0,0,0
"1763","7_134_9",134,2024-07-15,1,1,0
"1764","7_134_9",134,2024-07-18,1,0,0
"1765","7_134_9",134,2024-07-25,1,0,0
"1766","7_134_9",134,2024-07-29,1,0,0
"1767","7_170_1",170,2024-08-16,1,1,0
"1768","7_170_1",170,2024-09-05,0,1,0
"1769","7_170_1",170,2024-09-09,1,1,0
"1770","7_170_1",170,2024-09-12,1,1,0
"1771","7_170_1",170,2024-09-16,0,1,0
"1772","7_170_1",170,2024-09-25,1,0,1
"1773","7_170_1",170,2024-09-30,0,1,1
"1774","7_170_1",170,2024-10-03,1,1,1
"1775","7_170_2",170,2024-08-16,1,1,0
"1776","7_170_2",170,2024-09-05,0,1,0
"1777","7_170_2",170,2024-09-09,1,1,1
"1778","7_170_2",170,2024-09-12,0,1,1
"1779","7_170_2",170,2024-09-16,0,1,1
"1780","7_170_2",170,2024-09-25,1,0,1
"1781","7_170_2",170,2024-09-30,0,1,0
"1782","7_170_2",170,2024-10-03,1,0,1
"1783","7_170_3",170,2024-08-16,1,1,0
"1784","7_170_3",170,2024-09-05,1,1,0
"1785","7_170_3",170,2024-09-09,0,1,0
"1786","7_170_3",170,2024-09-12,1,1,1
"1787","7_170_3",170,2024-09-16,1,1,0
"1788","7_170_3",170,2024-09-25,1,0,1
"1789","7_170_3",170,2024-09-30,1,0,1
"1790","7_170_3",170,2024-10-03,1,0,1
"1791","7_170_4",170,2024-08-16,1,0,0
"1792","7_170_4",170,2024-09-05,1,1,0
"1793","7_170_4",170,2024-09-09,1,0,1
"1794","7_170_4",170,2024-09-12,0,1,0
"1795","7_170_4",170,2024-09-16,0,1,1
"1796","7_170_4",170,2024-09-25,0,1,0
"1797","7_170_4",170,2024-09-30,1,0,1
"1798","7_170_4",170,2024-10-03,1,1,1
"1799","7_170_5",170,2024-08-16,1,0,0
"1800","7_170_5",170,2024-09-05,1,1,0
"1801","7_170_5",170,2024-09-09,1,0,1
"1802","7_170_5",170,2024-09-12,0,0,0
"1803","7_170_5",170,2024-09-16,0,1,1
"1804","7_170_5",170,2024-09-25,1,1,0
"1805","7_170_5",170,2024-09-30,1,0,0
"1806","7_170_5",170,2024-10-03,1,0,1
"1807","7_170_6",170,2024-08-16,1,0,0
"1808","7_170_6",170,2024-09-05,0,0,0
"1809","7_170_6",170,2024-09-09,1,0,1
"1810","7_170_6",170,2024-09-12,1,0,0
"1811","7_170_6",170,2024-09-16,0,1,1
"1812","7_170_6",170,2024-09-25,0,1,0
"1813","7_170_6",170,2024-09-30,0,1,1
"1814","7_170_6",170,2024-10-03,1,0,1
"1815","7_170_7",170,2024-08-16,1,1,0
"1816","7_170_7",170,2024-09-05,1,0,0
"1817","7_170_7",170,2024-09-09,0,1,0
"1818","7_170_7",170,2024-09-12,1,0,0
"1819","7_170_7",170,2024-09-16,1,0,0
"1820","7_170_7",170,2024-09-25,1,1,1
"1821","7_170_7",170,2024-09-30,1,1,1
"1822","7_170_7",170,2024-10-03,1,1,0
"1823","7_170_8",170,2024-08-16,1,0,0
"1824","7_170_8",170,2024-09-05,0,1,0
"1825","7_170_8",170,2024-09-09,1,1,1
"1826","7_170_8",170,2024-09-12,0,0,0
"1827","7_170_8",170,2024-09-16,1,1,0
"1828","7_170_8",170,2024-09-25,1,1,1
"1829","7_170_8",170,2024-09-30,1,0,0
"1830","7_170_8",170,2024-10-03,1,0,1
"1831","7_170_9",170,2024-08-16,1,0,0
"1832","7_170_9",170,2024-09-05,0,1,0
"1833","7_170_9",170,2024-09-09,0,1,1
"1834","7_170_9",170,2024-09-12,1,0,0
"1835","7_170_9",170,2024-09-16,1,0,0
"1836","7_170_9",170,2024-09-25,1,1,1
"1837","7_170_9",170,2024-09-30,1,0,0
"1838","7_170_9",170,2024-10-03,1,0,1
"1839","7_173_1",173,2024-07-10,0,0,0
"1840","7_173_1",173,2024-08-01,1,0,0
"1841","7_173_1",173,2024-08-05,1,0,0
"1842","7_173_1",173,2024-08-15,1,1,0
"1843","7_173_1",173,2024-08-19,1,1,0
"1844","7_173_1",173,2024-08-22,0,1,0
"1845","7_173_2",173,2024-07-10,1,0,0
"1846","7_173_2",173,2024-08-01,1,1,0
"1847","7_173_2",173,2024-08-05,1,1,0
"1848","7_173_2",173,2024-08-15,1,0,0
"1849","7_173_2",173,2024-08-19,1,0,0
"1850","7_173_2",173,2024-08-22,0,1,0
"1851","7_173_3",173,2024-07-10,1,0,0
"1852","7_173_3",173,2024-08-01,1,0,0
"1853","7_173_3",173,2024-08-05,1,0,0
"1854","7_173_3",173,2024-08-15,1,0,0
"1855","7_173_3",173,2024-08-19,1,0,0
"1856","7_173_3",173,2024-08-22,1,1,0
"1857","7_173_4",173,2024-07-10,1,0,0
"1858","7_173_4",173,2024-08-01,1,0,0
"1859","7_173_4",173,2024-08-05,1,0,0
"1860","7_173_4",173,2024-08-15,1,0,0
"1861","7_173_4",173,2024-08-19,0,0,0
"1862","7_173_4",173,2024-08-22,0,1,0
"1863","7_173_5",173,2024-07-10,1,0,0
"1864","7_173_5",173,2024-08-01,1,0,0
"1865","7_173_5",173,2024-08-05,1,0,0
"1866","7_173_5",173,2024-08-15,1,0,0
"1867","7_173_5",173,2024-08-19,0,1,0
"1868","7_173_5",173,2024-08-22,1,1,0
"1869","7_173_6",173,2024-07-10,0,0,0
"1870","7_173_6",173,2024-08-01,1,0,0
"1871","7_173_6",173,2024-08-05,0,0,0
"1872","7_173_6",173,2024-08-15,1,0,0
"1873","7_173_6",173,2024-08-19,1,0,0
"1874","7_173_6",173,2024-08-22,0,1,0
"1875","7_173_7",173,2024-07-10,1,0,0
"1876","7_173_7",173,2024-08-01,1,0,0
"1877","7_173_7",173,2024-08-05,1,1,0
"1878","7_173_7",173,2024-08-15,1,0,0
"1879","7_173_7",173,2024-08-19,1,0,0
"1880","7_173_7",173,2024-08-22,1,1,0
"1881","7_173_8",173,2024-07-10,1,0,0
"1882","7_173_8",173,2024-08-01,0,1,0
"1883","7_173_8",173,2024-08-05,1,0,0
"1884","7_173_8",173,2024-08-15,1,0,0
"1885","7_173_8",173,2024-08-19,0,1,0
"1886","7_173_8",173,2024-08-22,0,1,0
"1887","7_173_9",173,2024-07-10,1,0,0
"1888","7_173_9",173,2024-08-01,1,1,0
"1889","7_173_9",173,2024-08-05,1,0,0
"1890","7_173_9",173,2024-08-15,1,1,0
"1891","7_173_9",173,2024-08-19,0,1,0
"1892","7_173_9",173,2024-08-22,0,1,0
"1893","7_184_1",184,2024-04-15,1,0,0
"1894","7_184_1",184,2024-04-18,0,0,0
"1895","7_184_1",184,2024-04-22,1,0,0
"1896","7_184_1",184,2024-04-25,1,0,0
"1897","7_184_1",184,2024-05-21,0,0,0
"1898","7_184_2",184,2024-04-15,1,0,0
"1899","7_184_2",184,2024-04-18,0,0,0
"1900","7_184_2",184,2024-04-22,1,0,0
"1901","7_184_2",184,2024-04-25,0,0,0
"1902","7_184_2",184,2024-05-21,1,0,0
"1903","7_184_3",184,2024-04-15,1,0,0
"1904","7_184_3",184,2024-04-18,1,0,0
"1905","7_184_3",184,2024-04-22,0,0,0
"1906","7_184_3",184,2024-04-25,1,0,0
"1907","7_184_3",184,2024-05-21,0,0,0
"1908","7_184_4",184,2024-04-15,1,0,0
"1909","7_184_4",184,2024-04-18,1,0,0
"1910","7_184_4",184,2024-04-22,1,0,0
"1911","7_184_4",184,2024-04-25,1,0,0
"1912","7_184_4",184,2024-05-21,1,0,0
"1913","7_184_5",184,2024-04-15,0,0,0
"1914","7_184_5",184,2024-04-18,0,0,0
"1915","7_184_5",184,2024-04-22,1,0,0
"1916","7_184_5",184,2024-04-25,1,0,0
"1917","7_184_5",184,2024-05-21,1,0,0
"1918","7_184_6",184,2024-04-15,0,0,0
"1919","7_184_6",184,2024-04-18,0,0,0
"1920","7_184_6",184,2024-04-22,1,0,0
"1921","7_184_6",184,2024-04-25,1,0,0
"1922","7_184_6",184,2024-05-21,0,0,0
"1923","7_184_7",184,2024-04-15,1,0,0
"1924","7_184_7",184,2024-04-18,1,0,0
"1925","7_184_7",184,2024-04-22,1,0,0
"1926","7_184_7",184,2024-04-25,1,0,0
"1927","7_184_7",184,2024-05-21,1,0,0
"1928","7_184_8",184,2024-04-15,1,0,0
"1929","7_184_8",184,2024-04-18,1,0,0
"1930","7_184_8",184,2024-04-22,1,0,0
"1931","7_184_8",184,2024-04-25,1,0,0
"1932","7_184_8",184,2024-05-21,1,0,0
"1933","7_184_9",184,2024-04-15,1,0,0
"1934","7_184_9",184,2024-04-18,1,0,0
"1935","7_184_9",184,2024-04-22,1,0,0
"1936","7_184_9",184,2024-04-25,1,0,0
"1937","7_184_9",184,2024-05-21,1,0,0
"1938","8_149_1",149,2024-06-06,1,0,0
"1939","8_149_1",149,2024-07-01,1,0,0
"1940","8_149_1",149,2024-07-15,1,0,0
"1941","8_149_1",149,2024-07-18,1,0,0
"1942","8_149_1",149,2024-07-25,1,0,0
"1943","8_149_1",149,2024-07-29,1,0,0
"1944","8_149_2",149,2024-06-06,0,0,0
"1945","8_149_2",149,2024-07-01,1,0,0
"1946","8_149_2",149,2024-07-15,0,0,0
"1947","8_149_2",149,2024-07-18,1,0,0
"1948","8_149_2",149,2024-07-25,1,0,0
"1949","8_149_2",149,2024-07-29,1,0,0
"1950","8_149_3",149,2024-06-06,1,1,0
"1951","8_149_3",149,2024-07-01,1,0,0
"1952","8_149_3",149,2024-07-15,1,0,0
"1953","8_149_3",149,2024-07-18,1,0,0
"1954","8_149_3",149,2024-07-25,1,0,0
"1955","8_149_3",149,2024-07-29,1,0,0
"1956","8_149_4",149,2024-06-06,1,0,0
"1957","8_149_4",149,2024-07-01,1,0,0
"1958","8_149_4",149,2024-07-15,1,0,0
"1959","8_149_4",149,2024-07-18,1,0,0
"1960","8_149_4",149,2024-07-25,0,0,0
"1961","8_149_4",149,2024-07-29,1,1,0
"1962","8_149_5",149,2024-06-06,1,0,0
"1963","8_149_5",149,2024-07-01,0,0,0
"1964","8_149_5",149,2024-07-15,0,1,0
"1965","8_149_5",149,2024-07-18,1,1,0
"1966","8_149_5",149,2024-07-25,1,0,0
"1967","8_149_5",149,2024-07-29,1,0,0
"1968","8_149_6",149,2024-06-06,0,0,0
"1969","8_149_6",149,2024-07-01,1,0,0
"1970","8_149_6",149,2024-07-15,1,0,0
"1971","8_149_6",149,2024-07-18,1,0,0
"1972","8_149_6",149,2024-07-25,0,0,0
"1973","8_149_6",149,2024-07-29,1,0,0
"1974","8_149_7",149,2024-06-06,1,0,0
"1975","8_149_7",149,2024-07-01,1,0,0
"1976","8_149_7",149,2024-07-15,0,0,0
"1977","8_149_7",149,2024-07-18,1,0,0
"1978","8_149_7",149,2024-07-25,1,0,0
"1979","8_149_7",149,2024-07-29,1,1,0
"1980","8_149_8",149,2024-06-06,1,0,0
"1981","8_149_8",149,2024-07-01,1,0,0
"1982","8_149_8",149,2024-07-15,1,1,0
"1983","8_149_8",149,2024-07-18,1,1,0
"1984","8_149_8",149,2024-07-25,1,0,0
"1985","8_149_8",149,2024-07-29,1,0,0
"1986","8_149_9",149,2024-06-06,1,0,0
"1987","8_149_9",149,2024-07-01,1,0,0
"1988","8_149_9",149,2024-07-15,1,1,0
"1989","8_149_9",149,2024-07-18,1,1,0
"1990","8_149_9",149,2024-07-25,1,0,0
"1991","8_149_9",149,2024-07-29,1,0,0
"1992","8_177_1",177,2024-04-15,1,0,0
"1993","8_177_1",177,2024-04-18,0,0,0
"1994","8_177_1",177,2024-04-22,1,0,0
"1995","8_177_1",177,2024-04-25,1,0,0
"1996","8_177_1",177,2024-05-21,1,0,0
"1997","8_177_2",177,2024-04-15,1,0,0
"1998","8_177_2",177,2024-04-18,1,0,0
"1999","8_177_2",177,2024-04-22,1,0,0
"2000","8_177_2",177,2024-04-25,1,0,0
"2001","8_177_2",177,2024-05-21,0,0,0
"2002","8_177_3",177,2024-04-15,0,0,0
"2003","8_177_3",177,2024-04-18,0,0,0
"2004","8_177_3",177,2024-04-22,0,0,0
"2005","8_177_3",177,2024-04-25,1,0,0
"2006","8_177_3",177,2024-05-21,1,0,0
"2007","8_177_4",177,2024-04-15,1,0,0
"2008","8_177_4",177,2024-04-18,0,0,0
"2009","8_177_4",177,2024-04-22,0,0,0
"2010","8_177_4",177,2024-04-25,1,0,0
"2011","8_177_4",177,2024-05-21,1,1,0
"2012","8_177_5",177,2024-04-15,1,0,0
"2013","8_177_5",177,2024-04-18,1,0,0
"2014","8_177_5",177,2024-04-22,1,0,0
"2015","8_177_5",177,2024-04-25,1,0,0
"2016","8_177_5",177,2024-05-21,1,0,0
"2017","8_177_6",177,2024-04-15,0,0,0
"2018","8_177_6",177,2024-04-18,0,0,0
"2019","8_177_6",177,2024-04-22,0,0,0
"2020","8_177_6",177,2024-04-25,1,0,0
"2021","8_177_6",177,2024-05-21,0,0,0
"2022","8_177_7",177,2024-04-15,1,0,0
"2023","8_177_7",177,2024-04-18,1,0,0
"2024","8_177_7",177,2024-04-22,1,0,0
"2025","8_177_7",177,2024-04-25,1,0,0
"2026","8_177_7",177,2024-05-21,1,0,0
"2027","8_177_8",177,2024-04-15,1,0,0
"2028","8_177_8",177,2024-04-18,0,0,0
"2029","8_177_8",177,2024-04-22,1,0,0
"2030","8_177_8",177,2024-04-25,1,0,0
"2031","8_177_8",177,2024-05-21,1,0,0
"2032","8_177_9",177,2024-04-15,1,0,0
"2033","8_177_9",177,2024-04-18,0,0,0
"2034","8_177_9",177,2024-04-22,1,0,0
"2035","8_177_9",177,2024-04-25,1,0,0
"2036","8_177_9",177,2024-05-21,1,0,0
"2037","8_178_1",178,2024-08-16,1,0,0
"2038","8_178_1",178,2024-09-05,0,0,0
"2039","8_178_1",178,2024-09-09,0,1,0
"2040","8_178_1",178,2024-09-12,1,0,0
"2041","8_178_1",178,2024-09-16,0,0,0
"2042","8_178_1",178,2024-09-25,0,1,0
"2043","8_178_1",178,2024-09-30,1,0,0
"2044","8_178_1",178,2024-10-03,1,0,1
"2045","8_178_2",178,2024-08-16,1,1,0
"2046","8_178_2",178,2024-09-05,1,1,0
"2047","8_178_2",178,2024-09-09,1,0,0
"2048","8_178_2",178,2024-09-12,0,1,0
"2049","8_178_2",178,2024-09-16,0,1,0
"2050","8_178_2",178,2024-09-25,1,1,0
"2051","8_178_2",178,2024-09-30,0,1,0
"2052","8_178_2",178,2024-10-03,1,0,1
"2053","8_178_3",178,2024-08-16,0,1,0
"2054","8_178_3",178,2024-09-05,1,1,0
"2055","8_178_3",178,2024-09-09,1,0,0
"2056","8_178_3",178,2024-09-12,1,0,0
"2057","8_178_3",178,2024-09-16,1,1,0
"2058","8_178_3",178,2024-09-25,0,1,0
"2059","8_178_3",178,2024-09-30,1,1,0
"2060","8_178_3",178,2024-10-03,1,1,1
"2061","8_178_4",178,2024-08-16,0,1,0
"2062","8_178_4",178,2024-09-05,1,1,0
"2063","8_178_4",178,2024-09-09,1,1,0
"2064","8_178_4",178,2024-09-12,1,0,0
"2065","8_178_4",178,2024-09-16,0,1,0
"2066","8_178_4",178,2024-09-25,1,0,0
"2067","8_178_4",178,2024-09-30,0,1,0
"2068","8_178_4",178,2024-10-03,1,0,0
"2069","8_178_5",178,2024-08-16,0,1,0
"2070","8_178_5",178,2024-09-05,0,0,0
"2071","8_178_5",178,2024-09-09,1,1,0
"2072","8_178_5",178,2024-09-12,1,0,0
"2073","8_178_5",178,2024-09-16,1,1,0
"2074","8_178_5",178,2024-09-25,0,1,1
"2075","8_178_5",178,2024-09-30,0,1,0
"2076","8_178_5",178,2024-10-03,1,1,0
"2077","8_178_6",178,2024-08-16,0,1,0
"2078","8_178_6",178,2024-09-05,1,0,0
"2079","8_178_6",178,2024-09-09,0,1,0
"2080","8_178_6",178,2024-09-12,0,0,0
"2081","8_178_6",178,2024-09-16,0,1,0
"2082","8_178_6",178,2024-09-25,0,1,0
"2083","8_178_6",178,2024-09-30,1,0,0
"2084","8_178_6",178,2024-10-03,1,1,0
"2085","8_178_7",178,2024-08-16,1,0,0
"2086","8_178_7",178,2024-09-05,0,1,0
"2087","8_178_7",178,2024-09-09,0,1,0
"2088","8_178_7",178,2024-09-12,0,1,0
"2089","8_178_7",178,2024-09-16,1,0,0
"2090","8_178_7",178,2024-09-25,0,1,0
"2091","8_178_7",178,2024-09-30,1,1,0
"2092","8_178_7",178,2024-10-03,0,1,0
"2093","8_178_8",178,2024-08-16,1,0,0
"2094","8_178_8",178,2024-09-05,0,1,0
"2095","8_178_8",178,2024-09-09,1,1,0
"2096","8_178_8",178,2024-09-12,1,0,0
"2097","8_178_8",178,2024-09-16,1,1,0
"2098","8_178_8",178,2024-09-25,1,1,0
"2099","8_178_8",178,2024-09-30,1,1,0
"2100","8_178_8",178,2024-10-03,1,1,0
"2101","8_178_9",178,2024-08-16,1,0,0
"2102","8_178_9",178,2024-09-05,0,1,0
"2103","8_178_9",178,2024-09-09,1,0,1
"2104","8_178_9",178,2024-09-12,1,1,0
"2105","8_178_9",178,2024-09-16,0,1,0
"2106","8_178_9",178,2024-09-25,1,1,0
"2107","8_178_9",178,2024-09-30,1,1,0
"2108","8_178_9",178,2024-10-03,1,0,1
"2109","8_187_1",187,2024-07-10,1,0,0
"2110","8_187_1",187,2024-08-01,1,1,0
"2111","8_187_1",187,2024-08-05,1,0,0
"2112","8_187_1",187,2024-08-15,1,0,0
"2113","8_187_1",187,2024-08-19,1,1,0
"2114","8_187_1",187,2024-08-22,1,1,0
"2115","8_187_2",187,2024-07-10,1,0,0
"2116","8_187_2",187,2024-08-01,1,1,0
"2117","8_187_2",187,2024-08-05,0,1,0
"2118","8_187_2",187,2024-08-15,0,1,0
"2119","8_187_2",187,2024-08-19,0,1,0
"2120","8_187_2",187,2024-08-22,0,1,0
"2121","8_187_3",187,2024-07-10,1,0,0
"2122","8_187_3",187,2024-08-01,1,1,0
"2123","8_187_3",187,2024-08-05,1,1,0
"2124","8_187_3",187,2024-08-15,0,1,0
"2125","8_187_3",187,2024-08-19,0,1,0
"2126","8_187_3",187,2024-08-22,0,1,0
"2127","8_187_4",187,2024-07-10,1,0,0
"2128","8_187_4",187,2024-08-01,1,1,0
"2129","8_187_4",187,2024-08-05,1,1,0
"2130","8_187_4",187,2024-08-15,1,1,0
"2131","8_187_4",187,2024-08-19,1,1,0
"2132","8_187_4",187,2024-08-22,1,1,0
"2133","8_187_5",187,2024-07-10,1,0,0
"2134","8_187_5",187,2024-08-01,1,1,0
"2135","8_187_5",187,2024-08-05,1,1,0
"2136","8_187_5",187,2024-08-15,1,0,0
"2137","8_187_5",187,2024-08-19,1,1,0
"2138","8_187_5",187,2024-08-22,1,1,0
"2139","8_187_6",187,2024-07-10,1,0,0
"2140","8_187_6",187,2024-08-01,1,1,0
"2141","8_187_6",187,2024-08-05,0,1,0
"2142","8_187_6",187,2024-08-15,0,0,0
"2143","8_187_6",187,2024-08-19,1,1,0
"2144","8_187_6",187,2024-08-22,1,0,0
"2145","8_187_7",187,2024-07-10,1,0,0
"2146","8_187_7",187,2024-08-01,1,0,0
"2147","8_187_7",187,2024-08-05,1,1,0
"2148","8_187_7",187,2024-08-15,1,1,0
"2149","8_187_7",187,2024-08-19,0,1,0
"2150","8_187_7",187,2024-08-22,0,1,0
"2151","8_187_8",187,2024-07-10,1,0,0
"2152","8_187_8",187,2024-08-01,0,1,0
"2153","8_187_8",187,2024-08-05,1,0,0
"2154","8_187_8",187,2024-08-15,1,1,0
"2155","8_187_8",187,2024-08-19,1,1,0
"2156","8_187_8",187,2024-08-22,1,1,0
"2157","8_187_9",187,2024-07-10,1,0,0
"2158","8_187_9",187,2024-08-01,1,1,0
"2159","8_187_9",187,2024-08-05,1,0,0
"2160","8_187_9",187,2024-08-15,1,1,0
"2161","8_187_9",187,2024-08-19,0,1,0
"2162","8_187_9",187,2024-08-22,1,1,0
"2163","9_156_1",156,2024-06-06,1,0,0
"2164","9_156_1",156,2024-07-01,0,0,0
"2165","9_156_1",156,2024-07-15,1,0,0
"2166","9_156_1",156,2024-07-18,1,0,0
"2167","9_156_1",156,2024-07-25,0,1,0
"2168","9_156_1",156,2024-07-29,1,0,0
"2169","9_156_2",156,2024-06-06,1,0,0
"2170","9_156_2",156,2024-07-01,0,0,0
"2171","9_156_2",156,2024-07-15,1,1,0
"2172","9_156_2",156,2024-07-18,1,0,0
"2173","9_156_2",156,2024-07-25,1,0,0
"2174","9_156_2",156,2024-07-29,1,0,0
"2175","9_156_3",156,2024-06-06,1,0,0
"2176","9_156_3",156,2024-07-01,1,0,0
"2177","9_156_3",156,2024-07-15,1,0,0
"2178","9_156_3",156,2024-07-18,1,0,0
"2179","9_156_3",156,2024-07-25,1,0,0
"2180","9_156_3",156,2024-07-29,1,0,0
"2181","9_156_4",156,2024-06-06,1,0,0
"2182","9_156_4",156,2024-07-01,1,0,0
"2183","9_156_4",156,2024-07-15,1,0,0
"2184","9_156_4",156,2024-07-18,1,0,0
"2185","9_156_4",156,2024-07-25,1,0,0
"2186","9_156_4",156,2024-07-29,1,1,0
"2187","9_156_5",156,2024-06-06,1,0,0
"2188","9_156_5",156,2024-07-01,1,0,0
"2189","9_156_5",156,2024-07-15,1,0,0
"2190","9_156_5",156,2024-07-18,1,0,0
"2191","9_156_5",156,2024-07-25,1,0,0
"2192","9_156_5",156,2024-07-29,1,0,0
"2193","9_156_6",156,2024-06-06,1,0,0
"2194","9_156_6",156,2024-07-01,1,0,0
"2195","9_156_6",156,2024-07-15,1,0,0
"2196","9_156_6",156,2024-07-18,0,0,0
"2197","9_156_6",156,2024-07-25,1,0,0
"2198","9_156_6",156,2024-07-29,1,0,0
"2199","9_156_7",156,2024-06-06,1,0,0
"2200","9_156_7",156,2024-07-01,1,0,0
"2201","9_156_7",156,2024-07-15,1,0,0
"2202","9_156_7",156,2024-07-18,1,0,0
"2203","9_156_7",156,2024-07-25,1,1,0
"2204","9_156_7",156,2024-07-29,1,0,0
"2205","9_156_8",156,2024-06-06,1,0,0
"2206","9_156_8",156,2024-07-01,1,0,0
"2207","9_156_8",156,2024-07-15,1,0,0
"2208","9_156_8",156,2024-07-18,0,1,0
"2209","9_156_8",156,2024-07-25,0,0,0
"2210","9_156_8",156,2024-07-29,1,0,0
"2211","9_156_9",156,2024-06-06,1,0,0
"2212","9_156_9",156,2024-07-01,0,0,0
"2213","9_156_9",156,2024-07-15,1,0,0
"2214","9_156_9",156,2024-07-18,1,0,0
"2215","9_156_9",156,2024-07-25,1,1,0
"2216","9_156_9",156,2024-07-29,1,0,0
"2217","9_166_1",166,2024-08-16,1,0,0
"2218","9_166_1",166,2024-09-05,1,1,0
"2219","9_166_1",166,2024-09-09,0,0,0
"2220","9_166_1",166,2024-09-12,1,1,0
"2221","9_166_1",166,2024-09-16,0,1,0
"2222","9_166_1",166,2024-09-25,1,1,1
"2223","9_166_1",166,2024-09-30,0,1,1
"2224","9_166_1",166,2024-10-03,0,1,1
"2225","9_166_2",166,2024-08-16,1,0,0
"2226","9_166_2",166,2024-09-05,1,0,0
"2227","9_166_2",166,2024-09-09,1,1,0
"2228","9_166_2",166,2024-09-12,1,1,0
"2229","9_166_2",166,2024-09-16,1,0,1
"2230","9_166_2",166,2024-09-25,1,1,0
"2231","9_166_2",166,2024-09-30,1,1,1
"2232","9_166_2",166,2024-10-03,0,1,1
"2233","9_166_3",166,2024-08-16,1,0,0
"2234","9_166_3",166,2024-09-05,1,0,0
"2235","9_166_3",166,2024-09-09,0,1,0
"2236","9_166_3",166,2024-09-12,1,1,0
"2237","9_166_3",166,2024-09-16,1,1,1
"2238","9_166_3",166,2024-09-25,1,0,0
"2239","9_166_3",166,2024-09-30,0,1,0
"2240","9_166_3",166,2024-10-03,1,0,1
"2241","9_166_4",166,2024-08-16,1,1,0
"2242","9_166_4",166,2024-09-05,0,1,0
"2243","9_166_4",166,2024-09-09,0,1,0
"2244","9_166_4",166,2024-09-12,0,1,0
"2245","9_166_4",166,2024-09-16,1,1,0
"2246","9_166_4",166,2024-09-25,1,1,0
"2247","9_166_4",166,2024-09-30,0,0,1
"2248","9_166_4",166,2024-10-03,1,1,0
"2249","9_166_5",166,2024-08-16,1,1,0
"2250","9_166_5",166,2024-09-05,1,1,0
"2251","9_166_5",166,2024-09-09,0,1,0
"2252","9_166_5",166,2024-09-12,0,1,0
"2253","9_166_5",166,2024-09-16,1,0,1
"2254","9_166_5",166,2024-09-25,1,0,0
"2255","9_166_5",166,2024-09-30,1,1,0
"2256","9_166_5",166,2024-10-03,0,1,0
"2257","9_166_6",166,2024-08-16,0,1,0
"2258","9_166_6",166,2024-09-05,0,1,0
"2259","9_166_6",166,2024-09-09,1,0,0
"2260","9_166_6",166,2024-09-12,1,0,0
"2261","9_166_6",166,2024-09-16,1,1,0
"2262","9_166_6",166,2024-09-25,1,1,0
"2263","9_166_6",166,2024-09-30,1,0,1
"2264","9_166_6",166,2024-10-03,0,1,0
"2265","9_166_7",166,2024-08-16,1,0,0
"2266","9_166_7",166,2024-09-05,1,1,0
"2267","9_166_7",166,2024-09-09,0,1,0
"2268","9_166_7",166,2024-09-12,0,1,0
"2269","9_166_7",166,2024-09-16,1,1,0
"2270","9_166_7",166,2024-09-25,1,0,1
"2271","9_166_7",166,2024-09-30,1,0,0
"2272","9_166_7",166,2024-10-03,1,1,0
"2273","9_166_8",166,2024-08-16,1,1,0
"2274","9_166_8",166,2024-09-05,0,1,0
"2275","9_166_8",166,2024-09-09,1,1,0
"2276","9_166_8",166,2024-09-12,1,1,0
"2277","9_166_8",166,2024-09-16,0,1,0
"2278","9_166_8",166,2024-09-25,1,1,0
"2279","9_166_8",166,2024-09-30,0,1,1
"2280","9_166_8",166,2024-10-03,0,1,0
"2281","9_166_9",166,2024-08-16,1,1,0
"2282","9_166_9",166,2024-09-05,0,1,0
"2283","9_166_9",166,2024-09-09,1,0,0
"2284","9_166_9",166,2024-09-12,1,0,0
"2285","9_166_9",166,2024-09-16,0,1,0
"2286","9_166_9",166,2024-09-25,0,1,1
"2287","9_166_9",166,2024-09-30,1,1,0
"2288","9_166_9",166,2024-10-03,0,1,0
"2289","9_182_1",182,2024-04-15,0,0,0
"2290","9_182_1",182,2024-04-18,1,0,0
"2291","9_182_1",182,2024-04-22,0,0,0
"2292","9_182_1",182,2024-04-25,1,0,0
"2293","9_182_1",182,2024-05-21,1,0,0
"2294","9_182_2",182,2024-04-15,1,0,0
"2295","9_182_2",182,2024-04-18,0,0,0
"2296","9_182_2",182,2024-04-22,1,0,0
"2297","9_182_2",182,2024-04-25,1,0,0
"2298","9_182_2",182,2024-05-21,1,0,0
"2299","9_182_3",182,2024-04-15,1,0,0
"2300","9_182_3",182,2024-04-18,0,0,0
"2301","9_182_3",182,2024-04-22,1,0,0
"2302","9_182_3",182,2024-04-25,1,0,0
"2303","9_182_3",182,2024-05-21,0,0,0
"2304","9_182_4",182,2024-04-15,1,0,0
"2305","9_182_4",182,2024-04-18,0,0,0
"2306","9_182_4",182,2024-04-22,1,0,0
"2307","9_182_4",182,2024-04-25,1,0,0
"2308","9_182_4",182,2024-05-21,1,0,0
"2309","9_182_5",182,2024-04-15,1,0,0
"2310","9_182_5",182,2024-04-18,0,0,0
"2311","9_182_5",182,2024-04-22,0,0,0
"2312","9_182_5",182,2024-04-25,0,1,0
"2313","9_182_5",182,2024-05-21,1,0,0
"2314","9_182_6",182,2024-04-15,1,0,0
"2315","9_182_6",182,2024-04-18,0,0,0
"2316","9_182_6",182,2024-04-22,1,0,0
"2317","9_182_6",182,2024-04-25,0,0,0
"2318","9_182_6",182,2024-05-21,0,0,0
"2319","9_182_7",182,2024-04-15,0,0,0
"2320","9_182_7",182,2024-04-18,1,0,0
"2321","9_182_7",182,2024-04-22,0,0,0
"2322","9_182_7",182,2024-04-25,1,0,0
"2323","9_182_7",182,2024-05-21,1,0,0
"2324","9_182_8",182,2024-04-15,0,0,0
"2325","9_182_8",182,2024-04-18,0,0,0
"2326","9_182_8",182,2024-04-22,1,0,0
"2327","9_182_8",182,2024-04-25,1,0,0
"2328","9_182_8",182,2024-05-21,1,0,0
"2329","9_182_9",182,2024-04-15,0,1,0
"2330","9_182_9",182,2024-04-18,0,0,0
"2331","9_182_9",182,2024-04-22,1,0,0
"2332","9_182_9",182,2024-04-25,0,0,0
"2333","9_182_9",182,2024-05-21,1,0,0
"2334","9_195_1",195,2024-07-10,1,0,0
"2335","9_195_1",195,2024-08-01,1,0,0
"2336","9_195_1",195,2024-08-05,1,0,0
"2337","9_195_1",195,2024-08-15,1,0,0
"2338","9_195_1",195,2024-08-19,1,0,0
"2339","9_195_1",195,2024-08-22,0,1,0
"2340","9_195_2",195,2024-07-10,0,0,0
"2341","9_195_2",195,2024-08-01,1,1,0
"2342","9_195_2",195,2024-08-05,1,0,0
"2343","9_195_2",195,2024-08-15,1,0,0
"2344","9_195_2",195,2024-08-19,1,0,0
"2345","9_195_2",195,2024-08-22,1,1,0
"2346","9_195_3",195,2024-07-10,1,0,0
"2347","9_195_3",195,2024-08-01,0,0,0
"2348","9_195_3",195,2024-08-05,1,0,0
"2349","9_195_3",195,2024-08-15,0,0,0
"2350","9_195_3",195,2024-08-19,1,0,0
"2351","9_195_3",195,2024-08-22,1,0,0
"2352","9_195_4",195,2024-07-10,1,0,0
"2353","9_195_4",195,2024-08-01,1,0,0
"2354","9_195_4",195,2024-08-05,1,0,0
"2355","9_195_4",195,2024-08-15,0,0,0
"2356","9_195_4",195,2024-08-19,1,0,0
"2357","9_195_4",195,2024-08-22,1,0,0
"2358","9_195_5",195,2024-07-10,1,0,0
"2359","9_195_5",195,2024-08-01,1,1,0
"2360","9_195_5",195,2024-08-05,1,0,0
"2361","9_195_5",195,2024-08-15,1,0,0
"2362","9_195_5",195,2024-08-19,1,0,0
"2363","9_195_5",195,2024-08-22,1,0,0
"2364","9_195_6",195,2024-07-10,1,0,1
"2365","9_195_6",195,2024-08-01,1,1,0
"2366","9_195_6",195,2024-08-05,1,0,0
"2367","9_195_6",195,2024-08-15,1,0,0
"2368","9_195_6",195,2024-08-19,1,0,0
"2369","9_195_6",195,2024-08-22,1,0,0
"2370","9_195_7",195,2024-07-10,0,0,0
"2371","9_195_7",195,2024-08-01,1,0,0
"2372","9_195_7",195,2024-08-05,1,0,0
"2373","9_195_7",195,2024-08-15,1,0,0
"2374","9_195_7",195,2024-08-19,1,0,0
"2375","9_195_7",195,2024-08-22,1,0,0
"2376","9_195_8",195,2024-07-10,1,0,0
"2377","9_195_8",195,2024-08-01,1,0,0
"2378","9_195_8",195,2024-08-05,1,0,0
"2379","9_195_8",195,2024-08-15,1,0,0
"2380","9_195_8",195,2024-08-19,1,0,0
"2381","9_195_8",195,2024-08-22,1,0,0
"2382","9_195_9",195,2024-07-10,0,0,0
"2383","9_195_9",195,2024-08-01,1,0,0
"2384","9_195_9",195,2024-08-05,1,0,0
"2385","9_195_9",195,2024-08-15,1,0,0
"2386","9_195_9",195,2024-08-19,1,0,0
"2387","9_195_9",195,2024-08-22,1,0,0
"2388","9_88_1",88,2024-05-02,1,0,0
"2389","9_88_1",88,2024-05-23,1,0,0
"2390","9_88_1",88,2024-06-10,1,1,0
"2391","9_88_1",88,2024-06-20,1,1,0
"2392","9_88_1",88,2024-06-24,1,0,0
"2393","9_88_2",88,2024-05-02,1,0,0
"2394","9_88_2",88,2024-05-23,1,0,0
"2395","9_88_2",88,2024-06-10,1,0,0
"2396","9_88_2",88,2024-06-20,1,0,0
"2397","9_88_2",88,2024-06-24,0,0,0
"2398","9_88_3",88,2024-05-02,1,0,0
"2399","9_88_3",88,2024-05-23,1,0,0
"2400","9_88_3",88,2024-06-10,1,0,0
"2401","9_88_3",88,2024-06-20,1,0,0
"2402","9_88_3",88,2024-06-24,1,0,0
"2403","9_88_4",88,2024-05-02,1,0,0
"2404","9_88_4",88,2024-05-23,1,0,0
"2405","9_88_4",88,2024-06-10,1,0,0
"2406","9_88_4",88,2024-06-20,1,0,0
"2407","9_88_4",88,2024-06-24,1,0,0
"2408","9_88_5",88,2024-05-02,0,0,0
"2409","9_88_5",88,2024-05-23,1,0,0
"2410","9_88_5",88,2024-06-10,1,0,0
"2411","9_88_5",88,2024-06-20,1,0,0
"2412","9_88_5",88,2024-06-24,1,0,0
"2413","9_88_6",88,2024-05-02,1,0,0
"2414","9_88_6",88,2024-05-23,1,0,0
"2415","9_88_6",88,2024-06-10,1,0,0
"2416","9_88_6",88,2024-06-20,1,0,0
"2417","9_88_6",88,2024-06-24,1,0,0
"2418","9_88_7",88,2024-05-02,1,0,0
"2419","9_88_7",88,2024-05-23,1,0,0
"2420","9_88_7",88,2024-06-10,1,0,0
"2421","9_88_7",88,2024-06-20,1,0,0
"2422","9_88_7",88,2024-06-24,1,0,0
"2423","9_88_8",88,2024-05-02,0,0,0
"2424","9_88_8",88,2024-05-23,1,0,0
"2425","9_88_8",88,2024-06-10,1,0,0
"2426","9_88_8",88,2024-06-20,1,0,0
"2427","9_88_8",88,2024-06-24,1,0,0
"2428","9_88_9",88,2024-05-02,1,0,0
"2429","9_88_9",88,2024-05-23,0,0,0
"2430","9_88_9",88,2024-06-10,1,0,0
"2431","9_88_9",88,2024-06-20,1,0,0
"2432","9_88_9",88,2024-06-24,1,0,0
