"","Estimate","Est.Error","l-95% CI","u-95% CI","Rhat","Bulk_ESS","Tail_ESS"
"Intercept",1070,83.1,916,1240,1,2520,2830
"lag_brown_patch",1.15,0.124,0.893,1.39,1,2920,2610
"month2",0.333,0.393,-0.462,1.09,1,2460,2580
"month3",0.145,0.398,-0.644,0.916,1,2610,2830
"month4",0.412,0.345,-0.259,1.09,1,2130,2480
"month5",0.382,0.386,-0.383,1.15,1,2070,2030
"month6",0.338,0.381,-0.402,1.1,1,2090,2460
"month7",1.4,0.385,0.636,2.14,1,2020,2350
"month8",2.22,0.37,1.5,2.97,1,1970,2290
"month9",1.96,0.355,1.26,2.69,1,1930,2290
"month10",1.97,0.322,1.36,2.64,1,1890,2430
"month11",0.705,0.294,0.142,1.3,1,1910,2700
"month12",0.194,0.336,-0.482,0.866,1,2200,2350
"year",-0.533,0.0411,-0.614,-0.455,1,2520,2830
"pc1",0.219,0.0354,0.149,0.287,0.999,2650,2750
"pc2",0.327,0.0519,0.225,0.432,1,2860,2950
"pc3",0.135,0.0678,0.00399,0.261,1,2830,2830
"pc4",-0.0658,0.0476,-0.16,0.028,1,2830,3020
"crown_rust1",0.303,0.152,0.0122,0.603,1,2820,2790
"anthracnose1",0.328,0.107,0.122,0.539,1,2490,2580
"crown_rust1:anthracnose1",-0.693,0.137,-0.967,-0.435,1,2940,2730
"pc1:crown_rust1",0.107,0.0246,0.0594,0.156,1,2690,2740
"pc2:crown_rust1",-0.19,0.052,-0.292,-0.0901,1,2890,2840
"pc3:crown_rust1",0.0859,0.0677,-0.0505,0.213,1,2860,2810
"pc4:crown_rust1",-0.0264,0.0484,-0.122,0.0678,1,2940,2620
"pc1:anthracnose1",-0.233,0.0232,-0.28,-0.189,1,2810,2790
"pc2:anthracnose1",-0.28,0.0512,-0.382,-0.184,1,3040,2890
"pc3:anthracnose1",-0.112,0.0715,-0.252,0.0284,1,2810,2940
"pc4:anthracnose1",0.00237,0.0491,-0.0911,0.101,1,2670,3080
